Episode,Episode-Reward,Total-Reward,ActionAVG,Q-Value,LinesCleared


0,38.25,38.25,1.38,0.00711,0

1,30.8,69.05,1.79,-0.155,0

2,65.85,134.9,1.7,0.50799,0

3,30.45,165.35,1.79,0.2253,0

4,57.95,223.3,2.31,0.62497,0

5,41.2,264.5,2.04,0.55784,0

6,38.35,302.85,1.44,0.44169,0

7,34.15,337.0,2.02,0.25717,0

8,66.25,403.25,2.07,0.83642,1

9,29.25,432.5,1.27,0.45284,0

10,39.8,472.3,1.13,0.39294,0

11,40.45,512.75,1.95,1.2971,0

12,44.45,557.2,2.22,2.08782,0

13,54.9,612.1,3.17,2.93576,0

14,49.4,661.5,1.88,3.46916,0

15,46.0,707.5,1.81,3.80604,1

16,40.35,747.85,2.64,3.94001,0

17,55.7,803.55,1.79,4.3892,0

18,47.05,850.6,1.43,4.5427,0

19,59.55,910.15,2.51,4.94292,0

20,36.95,947.1,2.04,4.74458,0

21,32.75,979.85,2.16,4.49637,0

22,56.35,1036.2,2.54,4.83501,0

23,38.2,1074.4,1.38,4.68908,0

24,54.7,1129.1,1.9,4.94723,0

25,44.45,1173.55,1.94,4.91668,0

26,57.0,1230.55,2.33,5.17537,0

27,43.6,1274.15,1.92,5.07436,0

28,33.5,1307.65,1.79,4.76882,0

29,63.3,1370.95,1.97,5.20254,0

30,42.1,1413.05,1.58,5.06166,0

31,49.9,1462.95,1.74,5.12798,0

32,45.5,1508.45,1.33,5.08038,0

33,32.25,32.25,1.71,0.70204,0

34,44.9,77.15,2.11,1.53074,0

35,47.15,124.3,2.37,2.22362,0

36,57.4,181.7,1.98,2.99122,0

37,42.35,224.05,1.7,3.24748,0

38,23.3,247.35,2.39,3.01746,0

39,49.05,296.4,2.18,3.41857,0

40,48.55,344.95,1.91,3.71818,0

41,60.6,405.55,1.72,4.22151,0

42,67.9,473.45,1.77,4.77583,0

43,34.4,507.85,1.64,4.45168,0

44,38.45,546.3,1.61,4.29159,0

45,44.75,591.05,1.6,4.30927,0

46,22.75,613.8,1.42,3.82798,0

47,66.95,680.75,2.83,4.44947,0

48,47.7,728.45,1.68,4.498,0

49,38.1,766.55,1.45,4.31962,0

50,31.55,798.1,1.45,4.03399,0

51,47.2,845.3,2.1,4.16476,0

52,39.35,884.65,2.59,4.08948,0

53,51.35,936.0,1.91,4.30113,0

54,53.4,989.4,1.45,4.51129,0

55,41.45,1030.85,1.82,4.40529,0

56,19.65,1050.5,2.16,3.83264,0

57,60.8,1111.3,2.35,4.31471,0

58,32.65,1143.95,1.19,4.05494,0

59,38.95,1182.9,1.59,3.99537,0

60,16.9,1199.8,1.89,3.45307,0

61,45.3,1245.1,1.9,3.6718,0

62,63.2,1308.3,2.58,4.24406,0

63,37.8,1346.1,1.64,4.11606,0

64,43.65,1389.75,2.11,4.14848,0

65,40.15,1429.9,1.44,4.09486,0

66,24.1,1454.0,2.75,3.69218,0

67,48.3,1502.3,2.54,3.92461,0

68,36.95,1539.25,2.06,3.84936,0

69,42.75,1582.0,2.56,3.92154,0

70,36.15,1618.15,1.15,3.82898,0

71,25.2,1643.35,2.24,3.51088,0

72,24.25,1667.6,1.1,3.24297,0

73,17.85,1685.45,1.88,2.89134,0

74,29.3,1714.75,1.94,2.87645,0

75,51.05,1765.8,1.56,3.35429,0

76,43.85,1809.65,1.35,3.56261,0

77,40.7,1850.35,2.39,3.65319,0

78,22.3,1872.65,1.93,3.30939,0

79,53.25,1925.9,1.69,3.73931,0

80,29.2,1955.1,2.73,3.53138,0

81,47.65,2002.75,1.46,3.78536,0

82,37.55,2040.3,2.56,3.75494,0

83,56.7,2097.0,1.42,4.16224,0

84,23.05,2120.05,2.03,3.72078,0

85,50.1,2170.15,1.13,3.98727,0

86,45.9,2216.05,2.55,4.0993,0

87,45.7,2261.75,1.44,4.18162,0

88,43.8,2305.55,2.46,4.20267,0

89,50.85,2356.4,1.68,4.37761,0

90,31.1,2387.5,1.64,4.06881,0

91,40.1,2427.6,1.91,4.03199,0

92,34.3,2461.9,1.73,3.87296,0

93,45.4,2507.3,1.95,3.99946,0

94,30.7,2538.0,3.25,3.76674,0

95,26.9,2564.9,1.55,3.50089,0

96,35.35,2600.25,1.77,3.48498,0

97,61.9,2662.15,2.2,4.07002,0

98,44.75,2706.9,2.17,4.13756,0

99,22.9,2729.8,1.85,3.69827,0

100,22.35,2752.15,1.06,3.34545,0

101,40.9,2793.05,1.88,3.48939,0

102,40.05,40.05,2.3,3.88736,0

103,54.65,94.7,1.76,7.22856,0

104,52.0,146.7,1.87,9.75837,0

105,42.95,189.65,2.7,11.51534,0

106,50.5,240.15,1.99,13.04688,0

107,46.2,286.35,1.99,14.13706,0

108,18.3,304.65,1.1,14.35421,0

109,45.85,350.5,1.75,15.14237,0

110,57.1,407.6,2.39,16.00632,0

111,48.4,456.0,1.85,16.48013,0

112,53.3,509.3,2.02,16.95759,0

113,37.35,546.65,2.01,16.96874,0

114,68.15,614.8,2.25,17.67038,0

115,34.35,649.15,2.39,17.45365,0

116,55.25,704.4,1.81,17.75594,0

117,50.3,754.7,2.8,17.87884,0

118,58.85,813.55,2.28,18.16646,0

119,42.95,856.5,1.84,18.03161,0

120,35.55,892.05,1.63,17.76061,0

121,42.45,934.5,1.84,17.70583,0

122,35.8,970.3,2.69,17.51375,0

123,18.9,989.2,1.8,16.98464,0

124,53.8,1043.0,2.21,17.35983,0

125,27.6,1070.6,1.58,17.0611,0

126,54.3,1124.9,2.69,17.43034,0

127,56.4,1181.3,1.8,17.76375,0

128,42.6,1223.9,2.26,17.71164,0

129,26.05,1249.95,1.91,17.29888,0

130,14.0,1263.95,3.1,16.70786,0

131,44.1,1308.05,1.77,16.92708,0

132,42.3,1350.35,1.64,17.05647,0

133,31.15,1381.5,1.64,16.90587,0

134,59.25,1440.75,2.68,17.42141,0

135,44.05,1484.8,2.91,17.47895,0

136,35.6,1520.4,1.32,17.33342,0

137,27.85,1548.25,3.13,17.04626,0

138,46.3,1594.55,1.92,17.23883,0

139,39.65,1634.2,2.16,17.23846,0

140,46.3,1680.5,1.88,17.38779,0

141,45.8,1726.3,1.93,17.49227,0

142,33.05,1759.35,1.98,17.28637,0

143,67.9,1827.25,1.83,17.91092,1

144,37.15,1864.4,1.93,17.70307,0

145,21.65,1886.05,1.37,17.19324,0

146,30.5,1916.55,1.41,16.99724,0

147,47.0,1963.55,1.9,17.2166,0

148,39.2,2002.75,1.47,17.2111,0

149,28.9,2031.65,3.63,16.97508,0

150,54.25,2085.9,2.7,17.36255,0

151,47.15,2133.05,1.26,17.50308,0

152,37.75,2170.8,2.87,17.4005,0

153,28.4,2199.2,3.31,17.11062,0

154,52.75,2251.95,1.66,17.43384,0

155,57.9,2309.85,1.71,17.80021,0

156,43.2,2353.05,1.7,17.7534,0

157,19.15,2372.2,3.12,17.17599,0

158,35.55,2407.75,1.34,17.0975,0

159,31.5,2439.25,3.27,16.94555,0

160,45.5,2484.75,2.0,17.14278,0

161,25.05,2509.8,2.54,16.83552,0

162,31.25,2541.05,2.23,16.73688,0

163,40.3,2581.35,2.07,16.86407,0

164,29.15,2610.5,2.14,16.71176,0

165,63.5,2674.0,2.19,17.3666,0

166,12.15,2686.15,1.8,16.71872,0

167,30.65,2716.8,1.79,16.63287,0

168,23.6,2740.4,2.31,16.40771,0

169,30.35,2770.75,1.73,16.38508,0

170,36.7,2807.45,1.61,16.51042,0

171,49.35,2856.8,2.4,16.89219,0

172,46.8,2903.6,2.5,17.13068,0

173,41.8,2945.4,2.09,17.20301,0

174,30.95,2976.35,1.83,17.01494,0

175,26.95,3003.3,3.21,16.77919,0

176,61.15,3064.45,1.38,17.36598,1

177,19.45,3083.9,2.23,16.88249,0

178,40.65,3124.55,1.82,16.98479,0

179,41.5,3166.05,1.43,17.0832,0

180,33.1,3199.15,2.74,16.97046,0

181,18.15,3217.3,2.62,16.54672,0

182,42.1,3259.4,2.6,16.75719,0

183,51.95,3311.35,2.26,17.14193,0

184,41.45,3352.8,1.54,17.20385,0

185,64.55,3417.35,2.42,17.7716,0

186,54.55,3471.9,1.85,17.9866,0

187,49.65,3521.55,3.06,18.04297,0

188,28.95,3550.5,2.16,17.62091,0

189,29.95,3580.45,2.47,17.31631,0

190,20.6,3601.05,2.8,16.86988,0

191,22.25,3623.3,2.83,16.56101,0

192,34.45,3657.75,1.37,16.59614,0

193,32.0,3689.75,1.91,16.56825,0

194,39.45,3729.2,1.72,16.71425,0

195,36.55,3765.75,1.33,16.76215,0

196,39.45,3805.2,2.79,16.86453,0

197,28.3,3833.5,0.99,16.69299,0

198,35.95,3869.45,2.66,16.73218,0

199,18.45,3887.9,3.53,16.3688,0

200,12.3,3900.2,3.13,15.9488,0

201,31.2,3931.4,2.65,16.04855,0

202,19.65,3951.05,2.71,15.86599,0

203,45.6,3996.65,1.87,16.30837,0

204,23.1,4019.75,2.31,16.14497,0

205,26.95,4046.7,2.38,16.10496,0

206,38.65,4085.35,1.31,16.33721,0

207,30.65,4116.0,2.57,16.33719,0

208,51.55,4167.55,2.06,16.80743,0

209,60.0,4227.55,1.89,17.36199,0

210,24.2,4251.75,1.29,16.98628,0

211,45.15,4296.9,1.56,17.16647,0

212,42.55,4339.45,1.7,17.24763,0

213,27.25,4366.7,1.7,16.96627,0

214,24.6,4391.3,1.97,16.68859,0

215,53.8,4445.1,2.75,17.13039,0

216,61.4,4506.5,2.63,17.64379,0

217,33.1,4539.6,1.92,17.40492,0

218,28.8,4568.4,2.14,17.12305,0

219,28.05,4596.45,2.8,16.88772,0

220,24.6,4621.05,2.65,16.62772,0

221,31.45,4652.5,1.91,16.58034,0

222,39.45,4691.95,0.91,16.72362,0

223,49.35,4741.3,3.1,17.05741,0

224,39.85,4781.15,2.71,17.10236,0

225,38.85,4820.0,2.0,17.11468,0

226,39.8,4859.8,2.2,17.14561,0

227,16.5,4876.3,1.78,16.64533,0

228,22.85,4899.15,2.77,16.40049,0

229,27.75,4926.9,2.69,16.32099,0

230,63.55,4990.45,2.57,17.06488,0

231,7.7,4998.15,1.77,16.38476,0

232,27.7,5025.85,2.02,16.30767,0

233,40.9,5066.75,1.5,16.54493,0

234,18.45,5085.2,2.24,16.22368,0

235,21.15,5106.35,1.76,16.03546,0

236,56.7,5163.05,2.2,16.68947,0

237,15.15,5178.2,1.54,16.26144,0

238,17.55,5195.75,1.98,15.98373,0

239,37.6,5233.35,1.36,16.21962,0

240,36.75,5270.1,1.11,16.38332,0

241,31.45,5301.55,2.47,16.39093,0

242,34.95,5336.5,1.69,16.47558,0

243,29.8,5366.3,1.52,16.42531,0

244,57.5,5423.8,2.04,17.0096,1

245,50.95,5474.75,2.51,17.31505,0

246,21.95,5496.7,1.77,16.89927,0

247,21.6,5518.3,2.05,16.56917,0

248,44.0,5562.3,1.8,18.04174,0

249,26.3,5588.6,2.53,18.78474,0

250,25.2,5613.8,1.83,19.33581,0

251,28.75,5642.55,1.52,19.84277,0

252,38.4,5680.95,1.42,20.45279,0

253,21.65,5702.6,2.28,20.54867,0

254,32.75,5735.35,2.79,20.87274,0

255,28.5,5763.85,2.34,21.02826,0

256,74.3,5838.15,2.95,22.17929,0

257,45.35,5883.5,1.97,22.41996,0

258,46.0,5929.5,1.94,22.62111,0

259,22.95,5952.45,1.91,22.25838,0

260,39.8,5992.25,3.72,22.35638,0

261,52.6,6044.85,2.11,22.72033,0

262,55.9,6100.75,1.8,23.07665,0

263,35.9,6136.65,2.14,22.90279,0

264,46.15,6182.8,2.66,22.99868,0

265,30.6,6213.4,2.43,22.72311,0

266,30.55,6243.95,1.8,22.50843,0

267,40.4,6284.35,2.84,22.56367,0

268,56.7,6341.05,1.98,22.97323,0

269,27.65,6368.7,3.1,22.63702,0

270,48.65,6417.35,1.88,22.84896,0

271,42.3,6459.65,1.53,22.87033,0

272,41.95,6501.6,2.4,22.87902,0

273,21.0,6522.6,2.77,22.41438,0

274,48.4,6571.0,2.28,22.67078,0

275,33.55,6604.55,3.13,22.53537,0

276,22.0,6626.55,2.64,22.17055,0

277,30.1,6656.65,2.09,22.07007,0

278,24.3,6680.95,1.77,21.86169,0

279,58.3,6739.25,2.63,22.4652,0

280,40.65,6779.9,1.51,22.53579,0

281,26.45,6806.35,2.15,22.271,0

282,46.6,6852.95,1.69,22.51917,0

283,45.3,6898.25,1.94,22.68224,0

284,47.25,6945.5,2.15,22.8525,0

285,55.85,7001.35,2.6,23.32457,0

286,45.15,7046.5,2.21,23.44967,0

287,38.0,7084.5,2.11,23.38575,0

288,43.4,7127.9,1.52,23.45771,0

289,39.25,7167.15,1.44,23.42011,0

290,44.25,7211.4,1.67,23.50346,0

291,41.0,7252.4,1.53,23.49494,0

292,27.55,7279.95,3.2,23.18571,0

293,30.05,7310.0,2.35,23.0023,0

294,15.25,7325.25,2.17,22.52717,0

295,42.7,7367.95,1.73,22.77656,0

296,32.75,7400.7,1.94,22.74596,0

297,41.7,7442.4,1.04,22.92363,0

298,73.35,7515.75,2.68,23.77344,0

299,66.9,7582.65,2.54,24.28692,0

300,33.1,7615.75,2.63,23.92437,0

301,41.9,7657.65,3.13,23.84139,0

302,42.5,7700.15,3.41,23.79058,0

303,25.9,7726.05,1.76,23.37771,0

304,27.15,7753.2,2.27,23.08585,0

305,36.65,7789.85,2.53,23.07342,0

306,53.0,7842.85,2.12,23.43165,0

307,44.7,7887.55,2.11,23.52254,0

308,36.9,7924.45,2.49,23.41747,0

309,34.45,7958.9,2.37,23.28092,0

310,35.65,7994.55,3.2,23.20209,0

311,48.5,8043.05,1.39,23.43013,0

312,35.7,8078.75,1.77,23.31885,0

313,42.15,8120.9,3.08,23.37774,0

314,34.9,8155.8,2.72,23.26025,0

315,26.0,8181.8,1.44,22.96895,0

316,21.25,8203.05,1.78,22.63632,0

317,44.55,8247.6,2.82,22.90278,0

318,43.25,8290.85,1.59,23.08003,0

319,37.35,8328.2,1.9,23.08465,0

320,22.65,8350.85,2.96,22.75749,0

321,33.9,8384.75,2.02,22.75706,0

322,22.5,8407.25,1.82,22.50022,0

323,64.15,8471.4,2.63,23.2383,0

324,49.35,8520.75,1.91,23.47732,0

325,71.1,8591.85,1.88,24.15192,1

326,54.9,8646.75,2.8,24.31025,0

327,15.7,8662.45,1.81,23.55095,0

328,32.25,8694.7,1.56,23.33486,0

329,70.0,8764.7,2.0,24.01677,0

330,28.55,8793.25,1.7,23.61263,0

331,41.75,8835.0,2.9,23.59642,0

332,53.9,8888.9,2.08,23.85723,0

333,35.35,8924.25,2.78,23.64198,0

334,33.3,8957.55,2.04,23.42904,0

335,32.6,8990.15,2.74,23.24826,0

336,35.15,9025.3,1.88,23.16553,0

337,40.95,9066.25,2.17,23.23192,0

338,30.75,9097.0,2.94,23.05387,0

339,39.9,9136.9,1.51,23.12175,0

340,21.0,9157.9,2.32,22.74911,0

341,23.1,9181.0,2.56,22.50757,0

342,49.25,9230.25,1.95,22.90874,0

343,34.1,9264.35,2.29,22.87878,0

344,34.35,9298.7,1.58,22.86119,0

345,20.2,9318.9,2.26,22.52917,0

346,33.25,9352.15,2.76,22.56549,0

347,61.95,9414.1,2.54,23.23939,0

348,8.9,9423.0,3.44,22.56803,0

349,26.6,9449.6,1.57,22.44598,0

350,24.1,9473.7,2.27,22.29514,0

351,36.05,9509.75,2.08,22.44711,0

352,58.5,9568.25,3.2,23.07002,0

353,39.3,9607.55,1.22,23.12077,0

354,40.7,9648.25,2.71,23.1916,0

355,23.15,9671.4,2.81,22.85162,0

356,9.0,9680.4,2.85,22.26976,0

357,34.65,9715.05,2.94,22.39594,0

358,23.3,9738.35,2.59,22.23836,0

359,35.35,9773.7,2.04,22.38736,0

360,45.95,9819.65,1.69,22.74133,0

361,26.8,9846.45,2.83,22.58479,0

362,39.45,9885.9,2.83,22.74809,0

363,8.45,9894.35,2.81,22.17715,0

364,25.15,9919.5,3.58,22.11042,0

365,26.9,9946.4,1.19,21.77217,0

366,41.0,9987.4,2.54,21.82728,0

367,42.6,10030.0,2.37,21.90598,0

368,62.45,10092.45,2.13,22.41361,0

369,21.0,10113.45,2.09,21.87439,0

370,45.9,10159.35,2.25,22.01675,0

371,41.3,10200.65,3.26,22.02357,0

372,52.25,10252.9,2.01,22.27524,0

373,18.15,10271.05,2.09,21.70303,0

374,49.55,10320.6,3.14,21.96607,0

375,51.15,10371.75,2.31,22.20592,0

376,58.55,10430.3,2.02,22.55831,0

377,47.4,10477.7,2.07,22.58053,0

378,41.3,10519.0,2.48,22.46051,0

379,35.95,10554.95,1.97,22.24711,0

380,34.3,10589.25,1.62,22.04461,0

381,53.85,10643.1,2.03,22.32754,0

382,21.35,10664.45,2.86,21.81556,0

383,36.75,10701.2,2.63,21.76528,0

384,18.5,10719.7,2.08,21.31569,0

385,11.95,10731.65,1.74,20.81988,0

386,20.2,10751.85,2.26,20.62125,0

387,30.4,10782.25,2.09,20.69681,0

388,45.9,10828.15,2.99,21.10412,0

389,14.9,10843.05,1.24,20.72229,0

390,1.3,10844.35,2.93,20.12037,0

391,20.95,10865.3,1.95,20.09601,0

392,48.85,10914.15,1.82,20.70487,0

393,33.7,10947.85,3.14,20.83587,0

394,59.0,11006.85,1.86,21.50665,1

395,22.95,11029.8,1.23,21.21537,0

396,40.15,11069.95,3.44,21.37663,0

397,29.6,11099.55,1.23,21.26423,0

398,39.1,11138.65,1.65,21.39088,0

399,41.05,11179.7,1.31,21.5329,0

400,56.65,11236.35,2.72,21.99397,0

401,30.75,11267.1,2.48,21.76854,0

402,52.15,11319.25,2.14,22.07534,0

403,41.2,11360.45,2.35,22.06673,0

404,30.1,11390.55,1.83,21.81031,0

405,50.1,11440.65,1.49,22.06159,0

406,12.25,11452.9,2.27,21.4047,0

407,33.15,11486.05,1.71,21.36586,0

408,50.7,11536.75,1.61,21.73064,0

409,8.8,11545.55,2.58,21.07059,0

410,54.6,11600.15,2.18,21.58955,0

411,26.8,11626.95,2.2,21.36625,0

412,35.9,11662.85,2.47,21.39794,0

413,33.0,11695.85,2.32,21.35724,0

414,15.9,11711.75,3.64,20.94096,0

415,31.15,11742.9,4.05,20.96146,0

416,39.0,11781.9,1.31,21.15398,0

417,44.85,11826.75,3.18,21.4348,0

418,40.2,11866.95,2.19,21.54782,0

419,42.6,11909.55,1.42,21.6894,0

420,27.1,11936.65,1.36,21.45038,0

421,64.4,12001.05,2.46,22.10439,0

422,55.7,12056.75,2.41,22.4155,0

423,38.95,12095.7,2.36,22.27973,0

424,8.4,12104.1,2.07,21.48714,0

425,13.85,12117.95,2.34,20.9955,0

426,40.55,12158.5,3.36,21.21523,0

427,37.95,12196.45,3.08,21.32702,0

428,33.25,12229.7,1.63,21.30791,0

429,47.6,12277.3,1.68,21.61598,0

430,17.15,12294.45,1.46,21.1696,0

431,26.25,12320.7,1.96,21.02841,0

432,23.65,12344.35,2.45,20.86049,0

433,53.35,12397.7,2.71,21.3986,0

434,59.3,12457.0,1.36,21.94951,0

435,11.3,12468.3,2.66,21.29646,0

436,4.85,12473.15,2.42,20.64523,0

437,43.55,12516.7,1.74,21.01127,0

438,46.75,12563.45,2.54,21.36696,0

439,20.95,12584.4,3.06,21.06211,0

440,51.0,12635.4,2.14,21.50198,0

441,17.6,12653.0,2.65,21.09138,0

442,26.45,12679.45,1.79,20.97229,0

443,42.2,12721.65,3.15,21.23437,0

444,37.85,12759.5,1.22,21.3396,0

445,35.6,12795.1,1.85,21.37054,0

446,29.55,12824.65,1.6,21.25839,0

447,13.1,12837.75,2.13,20.80134,0

448,37.15,12874.9,2.6,20.98826,0

449,23.55,12898.45,2.42,20.82712,0

450,53.85,12952.3,2.49,21.38399,0

451,31.15,12983.45,1.58,21.30481,0

452,55.15,13038.6,2.92,21.78345,0

453,24.45,13063.05,2.4,21.46364,0

454,26.5,13089.55,2.05,21.26192,0

455,38.75,13128.3,3.99,21.38121,0

456,21.45,13149.75,2.62,21.0844,0

457,38.45,13188.2,1.97,21.23688,0

458,25.6,13213.8,3.27,21.06593,0

459,44.7,13258.5,1.96,21.36319,0

460,27.95,13286.45,3.77,21.21669,0

461,27.2,13313.65,1.69,21.08628,0

462,38.25,13351.9,1.86,21.23384,0

463,63.75,13415.65,2.15,21.92194,0

464,24.05,13439.7,2.65,21.56198,0

465,60.15,13499.85,3.6,22.09525,0

466,36.85,13536.7,2.13,21.98429,0

467,40.4,13577.1,1.49,21.97817,0

468,34.2,13611.3,1.82,21.83392,0

469,29.8,13641.1,2.01,21.62314,0

470,43.25,13684.35,2.46,21.7624,0

471,-2.55,13681.8,1.94,20.8972,0

472,27.1,13708.9,1.87,20.83643,0

473,32.8,13741.7,3.16,20.91758,0

474,34.3,13776.0,2.85,21.01422,0

475,38.8,13814.8,2.96,21.19036,0

476,61.1,13875.9,2.17,21.82863,0

477,51.85,13927.75,3.42,22.11515,0

478,33.5,13961.25,1.73,21.92434,0

479,30.8,13992.05,2.93,21.71571,0

480,50.3,14042.35,2.91,21.99277,0

481,35.65,14078.0,2.85,21.87786,0

482,32.45,14110.45,2.27,21.71681,0

483,47.95,14158.4,2.12,21.94075,0

484,21.4,14179.8,1.3,21.51693,0

485,29.5,14209.3,1.41,21.37071,0

486,50.3,14259.6,2.34,21.7254,0

487,36.45,14296.05,3.05,21.68865,0

488,35.3,14331.35,1.93,21.6343,0

489,22.35,14353.7,1.34,21.3008,0

490,43.75,14397.45,1.42,21.52384,0

491,32.45,14429.9,1.39,21.44245,0

492,29.6,14459.5,2.5,21.31524,0

493,31.3,14490.8,1.73,21.25491,0

494,37.25,14528.05,1.95,21.34202,0

495,38.65,14566.7,3.62,21.44104,0

496,9.45,14576.15,2.15,20.86077,0

497,19.55,14595.7,2.67,20.63832,0

498,16.85,14612.55,2.52,20.40517,0

499,29.1,14641.65,2.4,20.5001,0

500,38.0,14679.65,2.48,20.77392,0

501,33.55,14713.2,2.76,20.88601,0

502,32.9,14746.1,1.42,20.95825,0

503,48.0,14794.1,2.25,21.35399,0

504,15.95,14810.05,2.6,20.93956,0

505,34.5,14844.55,1.94,21.03575,0

506,45.7,14890.25,2.9,21.3623,0

507,24.6,14914.85,1.73,21.14063,0

508,44.5,14959.35,2.18,21.41658,0

509,21.15,14980.5,2.88,21.10507,0

510,49.8,15030.3,3.5,21.50827,0

511,30.9,15061.2,2.23,21.39551,0

512,47.9,15109.1,2.22,21.69061,0

513,36.65,15145.75,1.43,21.66619,0

514,32.65,15178.4,1.87,21.55727,0

515,36.85,15215.25,2.58,21.56735,0

516,8.3,15223.55,2.26,20.93279,0

517,40.05,15263.6,1.63,21.15538,0

518,44.85,15308.45,1.36,21.43589,0

519,29.45,15337.9,1.63,21.30679,0

520,18.7,15356.6,3.02,20.96485,0

521,28.85,15385.45,2.57,20.92823,0

522,26.7,15412.15,2.35,20.85147,0

523,43.2,15455.35,2.59,21.16324,0

524,39.8,15495.15,2.09,21.32835,0

525,40.15,15535.3,3.12,21.46419,0

526,45.85,15581.15,1.41,21.69772,0

527,40.3,15621.45,1.69,21.75383,0

528,4.65,15626.1,3.29,20.99519,0

529,18.2,15644.3,3.43,20.71211,0

530,18.25,15662.55,3.2,20.49386,0

531,45.8,15708.35,1.97,20.94458,0

532,41.8,15750.15,2.79,21.2039,0

533,59.4,15809.55,2.37,21.80086,0

534,27.4,15836.95,2.72,21.54351,0

535,36.5,15873.45,1.24,21.54882,0

536,44.35,15917.8,4.31,21.72955,0

537,44.05,15961.85,2.28,21.86287,0

538,16.35,15978.2,2.24,21.34295,0

539,56.3,16034.5,3.96,21.83888,0

540,44.9,16079.4,2.25,21.96673,0

541,30.0,16109.4,3.48,21.73056,0

542,34.75,16144.15,2.04,21.6544,0

543,38.6,16182.75,2.13,21.68201,0

544,3.05,16185.8,2.55,20.90352,0

545,21.5,16207.3,3.23,20.71533,0

546,54.8,16262.1,2.83,21.31872,0

547,30.95,16293.05,2.85,21.24973,0

548,47.9,16340.95,3.34,21.57763,0

549,36.85,16377.8,1.84,21.58314,0

550,32.75,16410.55,2.58,21.49515,0

551,66.4,16476.95,2.82,22.18409,0

552,49.05,16526.0,2.0,22.32764,0

553,16.6,16542.6,1.93,21.70876,0

554,24.95,16567.55,1.22,21.41701,0

555,55.5,16623.05,2.07,21.87828,0

556,36.05,16659.1,1.21,21.79813,0

557,38.4,16697.5,2.07,21.7889,0

558,48.6,16746.1,1.19,22.01124,0

559,29.85,16775.95,2.1,21.76168,0

560,54.7,16830.65,2.54,22.1274,0

561,38.0,16868.65,2.21,22.03508,0

562,15.2,16883.85,3.44,21.45053,0

563,48.8,16932.65,2.37,21.75351,0

564,39.8,16972.45,3.88,21.78581,0

565,59.05,17031.5,2.98,22.24397,0

566,16.0,17047.5,2.74,21.63042,0

567,36.1,17083.6,2.06,21.60717,0

568,26.15,17109.75,1.81,21.36528,0

569,35.2,17144.95,3.11,21.38144,0

570,43.7,17188.65,2.47,21.58521,0

571,55.0,17243.65,2.55,21.99738,0

572,54.35,17298.0,2.63,22.30219,0

573,37.3,17335.3,1.56,22.15479,0

574,52.2,17387.5,3.16,22.37581,0

575,50.1,17437.6,1.83,22.49985,0

576,44.4,17482.0,1.5,22.46772,0

577,48.0,17530.0,1.73,22.52383,0

578,25.85,17555.85,3.14,22.06894,0

579,51.1,17606.95,1.15,22.28452,0

580,42.85,17649.8,3.57,22.26597,0

581,9.75,17659.55,3.18,21.50685,0

582,53.95,17713.5,2.27,22.31757,0

583,25.95,17739.45,3.03,22.31589,0

584,63.7,17803.15,2.63,23.16395,0

585,21.9,17825.05,1.74,22.8807,0

586,36.3,17861.35,3.05,22.98519,0

587,28.85,17890.2,2.02,22.89854,0

588,28.85,17919.05,2.05,22.83138,0

589,68.8,17987.85,3.0,23.67821,0

590,38.5,18026.35,1.97,23.65275,0

591,17.95,18044.3,2.27,23.17065,0

592,48.35,18092.65,2.82,23.48102,0

593,41.65,18134.3,2.67,23.57081,0

594,4.45,18138.75,2.73,22.80339,0

595,25.05,18163.8,1.77,22.67214,0

596,9.5,18173.3,2.04,22.22055,0

597,50.15,18223.45,3.73,22.78519,0

598,22.8,18246.25,2.93,22.60742,0

599,47.0,18293.25,2.54,23.01414,0

600,25.55,18318.8,3.79,22.84672,0

601,26.2,18345.0,1.92,22.7316,0

602,27.05,18372.05,2.17,22.61856,0

603,22.2,18394.25,1.61,22.42182,0

604,28.75,18423.0,1.19,22.67108,0

605,36.8,18459.8,3.08,23.04538,0

606,13.05,18472.85,2.51,22.80109,0

607,7.4,18480.25,2.66,22.48464,0

608,5.9,18486.15,3.57,22.20564,0

609,46.45,18532.6,2.49,22.90179,0

610,90.2,18622.8,2.63,24.42568,0

611,36.85,18659.65,3.11,24.40632,0

612,60.5,18720.15,2.7,24.92344,0

613,32.65,18752.8,2.43,24.69758,0

614,22.8,18775.6,3.46,24.30092,0

615,22.2,18797.8,1.89,23.98001,0

616,32.7,18830.5,1.93,23.96755,0

617,18.3,18848.8,1.1,23.63389,0

618,22.0,18870.8,2.62,23.45856,0

619,32.85,18903.65,2.8,23.5668,0

620,30.85,18934.5,3.3,23.60569,0

621,21.15,18955.65,3.34,23.41758,0

622,25.2,18980.85,1.39,23.36292,0

623,36.85,19017.7,2.5,23.58268,0

624,69.6,19087.3,3.35,24.48987,0

625,42.2,19129.5,3.58,24.57644,0

626,55.6,19185.1,3.96,24.94503,0

627,28.9,19214.0,1.75,24.62995,0

628,13.7,19227.7,1.21,24.04375,0

629,53.9,19281.6,2.67,24.49395,0

630,6.2,19287.8,2.14,23.7696,0

631,29.25,19317.05,2.79,23.72686,0

632,34.0,19351.05,2.78,23.80061,0

633,27.65,19378.7,2.08,23.71489,0

634,24.05,19402.75,2.59,23.56746,0

635,48.8,19451.55,2.62,24.01007,0

636,17.85,19469.4,3.1,23.65673,0

637,53.35,19522.75,2.14,24.36838,0

638,46.65,19569.4,3.37,24.76917,0

639,14.8,19584.2,1.02,24.36315,0

640,54.45,19638.65,2.86,24.94061,0

641,7.7,19646.35,3.72,24.33627,0

642,26.95,19673.3,2.11,24.30103,0

643,32.3,19705.6,3.12,24.39409,0

644,26.35,19731.95,1.92,24.33234,0

645,56.2,19788.15,2.89,24.95611,0

646,42.95,19831.1,2.38,25.14141,0

647,73.6,19904.7,2.24,25.97464,0

648,45.4,19950.1,3.12,25.98589,0

649,54.35,20004.45,2.77,26.19598,0

650,41.6,20046.05,2.15,26.07193,0

651,41.3,20087.35,4.05,25.96904,0

652,44.9,20132.25,1.62,25.9703,0

653,51.2,20183.45,2.75,26.11303,0

654,33.85,20217.3,2.33,25.83327,0

655,26.55,20243.85,1.41,25.4522,0

656,36.45,20280.3,1.32,25.37963,0

657,20.1,20300.4,3.36,24.95551,0

658,42.85,20343.25,2.25,25.13869,0

659,40.65,20383.9,1.91,25.23115,0

660,16.95,20400.85,1.92,24.76956,0

661,15.2,20416.05,2.67,24.37246,0

662,43.05,20459.1,3.1,24.69133,0

663,42.0,20501.1,3.28,24.91482,0

664,67.05,20568.15,2.74,25.65166,0

665,52.55,20620.7,2.28,25.89646,0

666,43.7,20664.4,2.58,25.88705,0

667,55.25,20719.65,2.89,26.13963,0

668,34.85,20754.5,2.45,25.87639,0

669,33.75,20788.25,1.83,25.64762,0

670,37.45,20825.7,4.05,25.55358,0

671,37.05,20862.75,2.19,25.47169,0

672,34.15,20896.9,1.88,25.34298,0

673,22.95,20919.85,1.95,24.99123,0

674,38.65,20958.5,3.15,25.07187,0

675,22.5,20981.0,2.48,24.771,0

676,30.25,21011.25,2.41,24.71219,0

677,39.65,21050.9,2.37,24.87812,0

678,26.0,21076.9,2.58,24.69959,0

679,42.55,21119.45,1.92,24.9336,0

680,40.4,21159.85,2.41,25.06659,0

681,35.9,21195.75,1.8,25.0684,0

682,42.7,21238.45,3.99,25.22281,0

683,3.95,21242.4,2.21,24.47059,0

684,32.15,21274.55,2.17,24.52213,0

685,31.15,21305.7,2.96,24.53957,0

686,48.7,21354.4,3.57,24.94796,0

687,25.75,21380.15,2.65,24.74809,0

688,37.25,21417.4,1.12,24.85194,0

689,38.85,21456.25,2.74,24.96843,0

690,32.4,21488.65,3.62,24.91357,0

691,45.4,21534.05,2.49,25.16357,0

692,56.9,21590.95,2.23,25.61606,0

693,34.15,21625.1,2.58,25.45487,0

694,51.3,21676.4,3.07,25.71582,0

695,49.65,21726.05,2.0,25.88093,0

696,3.15,21729.2,2.37,24.96264,0

697,40.8,21770.0,3.21,25.09809,0

698,36.25,21806.25,2.27,25.10069,0

699,36.1,21842.35,2.22,25.09933,0

700,23.05,21865.4,2.14,24.80465,0

701,67.15,21932.55,2.32,25.56853,0

702,14.9,21947.45,1.54,24.9849,0

703,39.85,21987.3,3.14,25.09397,0

704,41.9,22029.2,3.31,25.22462,0

705,11.95,22041.15,2.91,24.652,0

706,24.3,22065.45,3.39,24.4861,0

707,40.35,22105.8,2.02,24.71865,0

708,38.5,22144.3,2.54,24.85725,0

709,30.9,22175.2,3.12,24.79366,0

710,36.25,22211.45,2.78,24.86476,0

711,31.4,22242.85,1.88,24.81073,0

712,49.65,22292.5,2.59,25.17949,0

713,31.4,22323.9,1.9,25.05465,0

714,53.25,22377.15,3.95,25.44952,0

715,61.25,22438.4,2.56,25.93555,0

716,29.4,22467.8,1.97,25.5956,0

717,18.8,22486.6,3.24,25.09363,0

718,31.4,22518.0,2.75,24.98811,0

719,31.65,22549.65,2.22,24.91196,0

720,57.75,22607.4,2.36,26.79278,0

721,27.1,22634.5,2.9,27.5608,0

722,54.75,22689.25,2.84,28.77814,0

723,26.8,22716.05,1.43,29.0927,0

724,59.15,22775.2,2.83,30.06436,0

725,5.05,22780.25,2.07,29.60014,0

726,18.95,22799.2,2.54,29.55313,0

727,15.4,22814.6,2.37,29.43681,0

728,38.4,22853.0,2.1,29.86417,0

729,27.65,22880.65,2.45,29.9535,0

730,49.45,22930.1,3.74,30.51323,0

731,23.1,22953.2,2.56,30.35414,0

732,41.45,22994.65,2.48,30.64373,0

733,18.55,23013.2,1.87,30.35291,0

734,41.2,23054.4,2.68,30.63714,0

735,37.3,23091.7,2.39,30.76968,0

736,35.05,23126.75,3.45,30.82177,0

737,25.1,23151.85,2.88,30.63826,0

738,58.95,23210.8,2.86,31.25767,0

739,54.0,23264.8,2.42,31.62633,0

740,37.2,23302.0,1.73,31.53405,0

741,55.95,23357.95,1.95,31.88441,0

742,49.3,23407.25,3.27,32.00631,0

743,30.05,23437.3,2.07,31.66765,0

744,14.55,23451.85,1.92,31.05645,0

745,22.7,23474.55,2.08,30.76614,0

746,32.45,23507.0,2.05,30.76052,0

747,29.55,23536.55,2.03,30.69092,0

748,45.15,23581.7,2.14,30.98798,0

749,23.55,23605.25,1.68,30.7322,0

750,30.45,23635.7,2.63,30.68922,0

751,79.7,23715.4,2.84,31.76404,0

752,26.1,23741.5,2.86,31.39102,0

753,20.55,23762.05,2.93,30.97706,0

754,37.25,23799.3,3.75,31.03199,0

755,37.5,23836.8,1.9,31.08018,0

756,36.2,23873.0,1.65,31.08828,0

757,13.55,23886.55,1.32,30.58494,0

758,37.95,23924.5,1.89,30.74384,0

759,42.85,23967.35,2.35,30.97724,0

760,39.35,24006.7,3.91,31.07938,0

761,31.5,24038.2,1.88,30.98191,0

762,39.9,24078.1,2.95,31.09537,0

763,49.65,24127.75,2.93,31.40268,0

764,14.7,24142.45,3.14,30.85447,0

765,50.55,24193.0,3.01,31.23623,0

766,14.1,24207.1,2.18,30.71197,0

767,45.05,24252.15,1.96,31.00204,0

768,43.1,24295.25,3.49,31.18297,0

769,43.2,24338.45,2.04,31.32545,0

770,49.75,24388.2,3.33,31.58324,0

771,53.05,24441.25,2.77,31.85728,0

772,55.1,24496.35,2.74,32.11578,0

773,56.5,24552.85,2.5,32.34762,0

774,33.2,24586.05,3.44,32.00305,0

775,34.05,24620.1,2.53,31.75513,0

776,0.1,24620.2,1.8,30.79912,0

777,39.7,24659.9,2.95,30.94921,0

778,26.45,24686.35,3.2,30.7674,0

779,26.15,24712.5,1.94,30.61975,0

780,45.55,24758.05,2.93,30.94182,0

781,14.55,24772.6,2.44,30.49393,0

782,30.85,24803.45,1.32,30.51356,0

783,40.75,24844.2,2.03,30.75153,0

784,32.45,24876.65,2.5,30.7492,0

785,24.4,24901.05,1.61,30.56627,0

786,34.35,24935.4,1.85,30.64838,0

787,24.9,24960.3,2.84,30.49938,0

788,35.6,24995.9,1.85,30.62466,0

789,30.5,25026.4,2.26,30.60701,0

790,21.05,25047.45,1.85,30.3807,0

791,53.45,25100.9,2.77,30.93431,0

792,41.2,25142.1,2.74,31.08773,0

793,20.3,25162.4,2.51,30.73638,0

794,25.4,25187.8,1.5,30.57884,0

795,13.6,25201.4,1.7,30.19124,0

796,25.05,25226.45,1.86,30.14848,0

797,33.35,25259.8,2.51,30.30209,0

798,64.8,25324.6,3.07,31.12876,0

799,41.3,25365.9,1.55,31.24068,0

800,58.4,25424.3,2.37,31.71217,0

801,25.25,25449.55,2.33,31.3317,0

802,35.95,25485.5,1.98,31.27758,0

803,51.8,25537.3,2.57,31.59227,0

804,27.3,25564.6,2.31,31.2849,0

805,41.6,25606.2,2.22,31.36844,0

806,18.6,25624.8,1.8,30.91568,0

807,70.65,25695.45,3.68,31.73592,0

808,53.4,25748.85,1.77,31.98348,0

809,45.0,25793.85,1.91,31.98634,0

810,32.8,25826.65,2.79,31.71405,0

811,49.05,25875.7,2.12,31.86866,0

812,13.75,25889.45,2.29,31.19423,0

813,24.15,25913.6,3.83,30.90554,0

814,28.05,25941.65,2.24,30.76956,0

815,30.7,25972.35,1.58,30.7238,0

816,68.55,26040.9,2.85,31.53996,0

817,15.7,26056.6,2.1,30.98336,0

818,42.85,26099.45,2.1,31.16287,0

819,27.7,26127.15,1.37,30.96112,0

820,42.4,26169.55,3.26,31.13551,0

821,31.7,26201.25,2.0,31.02991,0

822,34.1,26235.35,2.31,31.00207,0

823,46.05,26281.4,2.92,31.24937,0

824,39.45,26320.85,1.34,31.29253,0

825,61.3,26382.15,3.71,31.8176,0

826,29.55,26411.7,3.12,31.51016,0

827,21.9,26433.6,2.44,31.09976,0

828,46.4,26480.0,2.43,31.33296,0

829,50.05,26530.05,1.97,31.59581,0

830,36.15,26566.2,3.31,31.48677,0

831,27.35,26593.55,1.79,31.20426,0

832,20.55,26614.1,2.07,30.83232,0

833,24.3,26638.4,2.18,30.62844,0

834,38.35,26676.75,2.63,30.78656,0

835,21.7,26698.45,1.7,30.53447,0

836,30.4,26728.85,2.56,30.53486,0

837,23.75,26752.6,1.73,30.38553,0

838,51.7,26804.3,2.53,30.89868,0

839,27.9,26832.2,1.75,30.76087,0

840,37.3,26869.5,2.72,30.86556,0

841,19.4,26888.9,2.34,30.54395,0

842,25.65,26914.55,1.8,30.43533,0

843,27.25,26941.8,2.82,30.38715,0

844,9.7,26951.5,2.12,29.95493,0

845,24.55,26976.05,1.65,29.95409,0

846,60.7,27036.75,3.05,30.76681,0

847,45.6,27082.35,2.32,31.05692,0

848,35.55,27117.9,4.41,31.05563,0

849,40.35,27158.25,2.74,31.16263,0

850,27.25,27185.5,3.08,30.9508,0

851,39.45,27224.95,3.6,31.06114,0

852,46.75,27271.7,2.69,31.3109,0

853,59.9,27331.6,3.5,31.80034,0

854,51.85,27383.45,2.37,31.99853,0

855,66.95,27450.4,2.24,32.49188,0

856,20.15,27470.55,2.8,31.82122,0

857,24.75,27495.3,1.84,31.40496,0

858,33.45,27528.75,1.43,31.27811,0

859,47.0,27575.75,2.83,31.48468,0

860,27.9,27603.65,2.79,31.21502,0

861,43.65,27647.3,2.0,31.36041,0

862,57.8,27705.1,2.15,31.79146,0

863,16.85,27721.95,2.4,31.20414,0

864,68.4,27790.35,2.82,31.90885,0

865,30.3,27820.65,2.77,31.59775,0

866,51.9,27872.55,2.13,31.84265,0

867,56.4,27928.95,2.7,32.1337,0

868,25.05,27954.0,2.48,31.65388,0

869,22.35,27976.35,2.38,31.22127,0

870,56.15,28032.5,2.64,31.6465,0

871,28.1,28060.6,2.35,31.34493,0

872,36.15,28096.75,2.62,31.29234,0

873,27.6,28124.35,1.95,31.0592,0

874,43.05,28167.4,2.15,31.22615,0

875,34.55,28201.95,1.8,31.16428,0

876,21.6,28223.55,3.0,30.82496,0

877,31.25,28254.8,2.41,30.77911,0

878,62.65,28317.45,2.46,31.45008,0

879,9.15,28326.6,2.18,30.76633,0

880,43.4,28370.0,2.46,31.00704,0

881,37.4,28407.4,1.72,31.0586,0

882,17.8,28425.2,1.86,30.65756,0

883,30.8,28456.0,1.93,30.63925,0

884,19.85,28475.85,2.23,30.37868,0

885,2.95,28478.8,1.93,29.7965,0

886,40.9,28519.7,3.52,30.19918,0

887,24.75,28544.45,1.69,30.14788,0

888,50.45,28594.9,2.83,30.68637,0

889,10.7,28605.6,2.17,30.20933,0

890,19.6,28625.2,2.5,30.03987,0

891,41.65,28666.85,2.17,30.40467,0

892,39.25,28706.1,1.79,30.63338,0

893,50.5,28756.6,2.17,31.06376,0

894,37.15,28793.75,3.7,31.09693,0

895,30.05,28823.8,2.46,30.96289,0

896,26.45,28850.25,3.51,30.77801,0

897,26.5,28876.75,3.41,30.63585,0

898,45.05,28921.8,2.76,30.94305,0

899,8.8,28930.6,1.72,30.3655,0

900,32.7,28963.3,3.33,30.45566,0

901,32.35,28995.65,1.63,30.51765,0

902,21.1,29016.75,2.75,30.31257,0

903,20.45,29037.2,2.85,30.13901,0

904,23.05,29060.25,2.18,30.063,0

905,48.35,29108.6,2.05,29.71807,0

906,32.65,29141.25,3.59,29.09749,0

907,23.2,29164.45,2.24,28.40393,0

908,15.0,29179.45,2.18,27.68191,0

909,30.9,29210.35,2.12,27.4801,0

910,25.3,29235.65,1.97,27.19769,0

911,50.2,29285.85,3.24,27.53908,0

912,26.75,29312.6,2.62,27.27603,0

913,48.0,29360.6,3.2,27.55029,0

914,36.1,29396.7,1.95,27.49509,0

915,26.35,29423.05,2.28,27.23294,0

916,54.15,29477.2,2.83,27.65527,0

917,36.65,29513.85,3.07,27.58883,0

918,19.15,29533.0,2.35,27.14359,0

919,46.4,29579.4,2.69,27.41165,0

920,41.45,29620.85,2.1,27.50802,0

921,40.65,29661.5,1.99,27.56471,0

922,30.45,29691.95,2.93,27.37914,0

923,22.25,29714.2,2.08,27.05083,0

924,51.7,29765.9,1.66,27.45901,0

925,31.55,29797.45,2.43,27.32198,0

926,32.55,29830.0,3.04,27.23827,0

927,32.15,29862.15,3.39,27.16441,0

928,9.65,29871.8,2.97,26.60091,0

929,28.35,29900.15,2.38,26.58495,0

930,39.2,29939.35,2.11,26.8167,0

931,38.7,29978.05,2.39,26.98506,0

932,30.2,30008.25,3.12,26.92429,0

933,31.15,30039.4,2.38,26.89857,0

934,22.5,30061.9,2.63,26.68401,0

935,17.85,30079.75,2.8,26.4131,0

936,10.6,30090.35,2.76,26.04002,0

937,22.6,30112.95,1.95,26.02088,0

938,44.0,30156.95,2.81,26.48755,0

939,28.05,30185.0,2.55,26.49035,0

940,55.05,30240.05,2.46,27.10001,0

941,43.1,30283.15,3.12,27.30363,0

942,13.6,30296.75,2.07,26.79768,0

943,13.25,30310.0,3.34,26.39769,0

944,25.25,30335.25,2.75,26.35771,0

945,60.75,30396.0,2.81,27.12547,0

946,44.8,30440.8,2.06,27.3616,0

947,34.35,30475.15,2.1,27.30949,0

948,18.3,30493.45,1.41,26.90797,0

949,20.75,30514.2,1.51,26.65192,0

950,19.0,30533.2,3.12,26.41411,0

951,17.8,30551.0,1.73,26.2028,0

952,76.1,30627.1,3.1,27.35079,0

953,29.4,30656.5,2.22,27.18973,0

954,37.35,30693.85,1.29,27.24378,0

955,33.05,30726.9,2.78,27.18892,0

956,28.0,30754.9,2.43,27.03278,0

957,31.6,30786.5,1.99,26.99278,0

958,31.35,30817.85,2.28,26.95614,0

959,32.5,30850.35,2.38,26.95363,0

960,44.9,30895.25,1.47,27.23068,0

961,30.2,30925.45,2.71,27.11465,0

962,27.95,30953.4,2.35,26.97409,0

963,16.55,30969.95,2.22,26.60867,0

964,26.8,30996.75,2.67,26.55608,0

965,11.2,31007.95,2.18,26.16433,0

966,26.8,31034.75,2.82,26.21173,0

967,11.4,31046.15,2.09,25.90196,0

968,25.75,31071.9,1.75,25.98476,0

969,33.45,31105.35,3.85,26.22218,0

970,30.15,31135.5,3.25,26.33193,0

971,43.5,31179.0,2.14,26.71737,0

972,17.55,31196.55,3.64,26.4322,0

973,64.25,31260.8,3.0,27.26195,0

974,40.0,31300.8,1.4,27.35938,0

975,37.7,31338.5,2.89,27.38314,0

976,48.5,31387.0,3.59,27.64455,0

977,29.6,31416.6,1.83,27.42189,0

978,33.55,31450.15,2.15,27.33821,0

979,35.05,31485.2,2.6,27.30711,0

980,3.0,31488.2,2.05,26.56188,0

981,47.7,31535.9,2.5,26.99007,0

982,59.05,31594.95,2.92,27.5773,0

983,57.75,31652.7,2.63,28.00315,0

984,64.05,31716.75,2.95,28.47493,0

985,29.65,31746.4,2.74,28.06657,0

986,8.85,31755.25,1.41,27.28208,0

987,50.45,31805.7,3.18,27.61011,0

988,8.45,31814.15,2.08,26.91933,0

989,19.15,31833.3,3.13,26.62472,0

990,36.25,31869.55,2.97,26.78115,0

991,31.05,31900.6,2.21,26.78539,0

992,10.9,31911.5,2.04,26.33529,0

993,26.2,31937.7,4.22,26.33072,0

994,41.1,31978.8,3.1,26.66243,0

995,41.3,32020.1,2.9,26.924,0

996,27.25,32047.35,3.51,26.81059,0

997,20.7,32068.05,2.31,26.57533,0

998,40.2,32108.25,2.76,26.83175,0

999,26.1,32134.35,2.83,26.71322,0

1000,6.55,32140.9,2.32,26.18149,0

1001,44.85,32185.75,2.32,26.63115,0

1002,13.45,32199.2,3.06,26.27313,0

1003,77.45,32276.65,3.08,27.43567,0

1004,44.25,32320.9,2.6,27.58964,0

1005,28.1,32349.0,2.99,27.34559,0

1006,22.35,32371.35,2.1,27.02707,0

1007,26.85,32398.2,2.89,26.88147,0

1008,28.75,32426.95,2.4,26.81139,0

1009,19.65,32446.6,2.51,26.55232,0

1010,28.1,32474.7,3.15,26.54166,0

1011,54.45,32529.15,3.32,27.12628,0

1012,36.55,32565.7,2.48,27.17661,0

1013,29.4,32595.1,2.59,27.05474,0

1014,67.55,32662.65,3.16,27.81867,0

1015,20.6,32683.25,1.22,27.35434,0

1016,14.3,32697.55,1.83,26.85273,0

1017,65.7,32763.25,2.19,27.62048,0

1018,38.4,32801.65,3.15,27.60124,0

1019,34.55,32836.2,2.58,27.49971,0

1020,56.55,32892.75,3.25,27.91602,0

1021,53.75,32946.5,2.28,28.17565,0

1022,19.95,32966.45,3.09,27.61638,0

1023,16.85,32983.3,2.31,27.11318,0

1024,41.15,33024.45,1.85,27.26996,0

1025,16.3,33040.75,2.03,26.83234,0

1026,26.4,33067.15,3.76,26.72043,0

1027,23.5,33090.65,2.58,26.56845,0

1028,18.3,33108.95,1.91,26.33367,0

1029,42.3,33151.25,3.3,26.69171,0

1030,17.7,33168.95,2.13,26.41569,0

1031,36.2,33205.15,1.96,26.61803,0

1032,27.9,33233.05,2.95,26.58809,0

1033,43.2,33276.25,2.4,26.90914,0

1034,35.2,33311.45,1.76,26.97795,0

1035,56.4,33367.85,2.45,27.50828,0

1036,15.0,33382.85,1.81,26.98779,0

1037,27.65,33410.5,2.22,26.86903,0

1038,45.55,33456.05,3.04,27.17974,0

1039,22.95,33479.0,1.95,26.91204,0

1040,35.35,33514.35,2.66,26.98357,0

1041,22.65,33537.0,2.12,26.75326,0

1042,37.1,33574.1,3.85,26.8999,0

1043,27.8,33601.9,2.95,26.80429,0

1044,14.7,33616.6,2.88,26.43544,0

1045,49.2,33665.8,2.78,26.92584,0

1046,15.95,33681.75,2.04,26.55777,0

1047,31.7,33713.45,2.08,26.62689,0

1048,30.0,33743.45,2.58,26.6422,0

1049,43.1,33786.55,2.45,26.94883,0

1050,15.0,33801.55,2.61,26.55421,0

1051,37.8,33839.35,3.47,26.76138,0

1052,63.15,33902.5,3.46,27.49231,0

1053,66.4,33968.9,3.46,28.13191,0

1054,52.05,34020.95,2.63,28.30472,0

1055,41.0,34061.95,1.95,28.19003,0

1056,21.5,34083.45,2.56,27.66239,0

1057,21.75,34105.2,3.19,27.2591,0

1058,24.7,34129.9,1.53,27.01292,0

1059,60.75,34190.65,3.29,27.63325,0

1060,8.8,34199.45,1.92,26.94514,0

1061,30.65,34230.1,1.54,26.90348,0

1062,43.95,34274.05,1.63,27.17044,0

1063,44.2,34318.25,3.64,27.38296,0

1064,20.25,34338.5,1.42,27.00878,0

1065,49.1,34387.6,3.51,27.36793,0

1066,39.6,34427.2,3.37,27.43251,0

1067,62.1,34489.3,3.03,27.98881,0

1068,31.7,34521.0,2.61,27.73595,0

1069,26.85,34547.85,3.78,27.43085,0

1070,51.6,34599.45,2.99,27.75128,0

1071,56.4,34655.85,2.96,28.10761,0

1072,23.8,34679.65,3.39,27.65027,0

1073,35.45,34715.1,3.18,27.55795,0

1074,28.8,34743.9,3.11,27.33678,0

1075,25.3,34769.2,3.42,27.08662,0

1076,49.4,34818.6,2.1,27.435,0

1077,12.1,34830.7,2.31,26.86574,0

1078,20.55,34851.25,2.63,26.61469,0

1079,48.8,34900.05,2.81,27.05576,0

1080,42.65,34942.7,3.2,27.2592,0

1081,65.05,35007.75,4.06,27.92088,0

1082,12.35,35020.1,2.9,27.24792,0

1083,34.95,35055.05,3.55,27.23488,0

1084,18.2,35073.25,2.84,26.8479,0

1085,34.6,35107.85,4.5,26.91699,0

1086,30.3,35138.15,2.22,26.87379,0

1087,49.05,35187.2,2.11,27.26218,0

1088,50.5,35237.7,3.04,27.59581,0

1089,19.45,35257.15,3.9,27.15574,0

1090,36.15,35293.3,1.91,27.19044,0

1091,29.1,35322.4,3.71,27.05871,0

1092,59.45,35381.85,2.53,27.63949,0

1093,39.45,35421.3,3.21,27.6396,0

1094,34.45,35455.75,3.92,27.52718,0

1095,35.3,35491.05,2.05,27.45919,0

1096,9.35,35500.4,2.41,26.82261,0

1097,55.15,35555.55,1.74,27.35977,0

1098,26.95,35582.5,2.24,27.14156,0

1099,35.05,35617.55,2.33,27.1547,0

1100,29.3,35646.85,2.82,27.03551,0

1101,37.25,35684.1,2.03,27.12202,0

1102,59.3,35743.4,2.27,27.68518,0

1103,36.6,35780.0,3.84,27.61088,0

1104,16.15,35796.15,1.57,27.09318,0

1105,38.1,35834.25,3.16,27.18583,0

1106,14.3,35848.55,1.94,26.72214,0

1107,27.1,35875.65,2.18,26.65077,0

1108,13.6,35889.25,1.81,26.29172,0

1109,19.5,35908.75,1.78,26.34489,0

1110,59.3,35968.05,3.91,27.28159,0

1111,43.4,36011.45,2.47,27.64979,0

1112,57.3,36068.75,3.68,28.24789,0

1113,27.9,36096.65,1.09,28.04992,0

1114,43.35,36140.0,3.05,28.24412,0

1115,53.55,36193.55,3.56,28.62412,0

1116,13.45,36207.0,2.26,28.01637,0

1117,43.3,36250.3,2.27,28.21699,0

1118,19.55,36269.85,2.03,27.8381,0

1119,57.0,36326.85,3.42,28.38708,0

1120,26.15,36353.0,3.7,28.11842,0

1121,42.25,36395.25,2.45,28.27245,0

1122,38.55,36433.8,3.66,28.30858,0

1123,27.45,36461.25,3.33,28.08683,0

1124,18.65,36479.9,3.11,27.71697,0

1125,27.35,36507.25,3.78,27.62608,0

1126,30.3,36537.55,3.45,27.62202,0

1127,22.05,36559.6,1.66,27.43325,0

1128,22.8,36582.4,3.44,27.30382,0

1129,61.4,36643.8,3.52,28.07202,0

1130,25.2,36669.0,3.36,27.85287,0

1131,47.75,36716.75,3.49,28.1904,0

1132,27.4,36744.15,2.51,27.99412,0

1133,32.6,36776.75,1.72,27.959,0

1134,62.45,36839.2,2.71,28.6034,0

1135,44.1,36883.3,2.99,28.68994,0

1136,47.35,36930.65,3.03,28.83013,0

1137,51.8,36982.45,4.02,29.03891,0

1138,60.85,37043.3,2.78,29.40433,0

1139,57.9,37101.2,3.21,29.62116,0

1140,22.7,37123.9,2.79,28.99721,0

1141,55.5,37179.4,2.79,29.25164,0

1142,37.25,37216.65,3.92,29.0382,0

1143,32.85,37249.5,2.08,28.77379,0

1144,41.45,37290.95,3.27,28.76236,0

1145,17.95,37308.9,3.13,28.22476,0

1146,28.05,37336.95,2.85,28.03537,0

1147,29.8,37366.75,2.27,27.92797,0

1148,36.05,37402.8,2.42,27.98535,0

1149,11.2,37414.0,1.29,27.4707,0

1150,21.75,37435.75,4.05,27.30923,0

1151,29.25,37465.0,2.77,27.35283,0

1152,44.8,37509.8,3.23,27.7365,0

1153,37.2,37547.0,4.2,27.86284,0

1154,29.5,37576.5,1.17,28.20451,0

1155,25.55,37602.05,2.05,28.38043,0

1156,49.15,37651.2,4.24,29.04777,0

1157,32.6,37683.8,2.1,29.19258,0

1158,34.8,37718.6,2.64,29.35431,0

1159,54.05,37772.65,3.1,29.91277,0

1160,13.25,37785.9,3.28,29.42758,0

1161,11.85,37797.75,2.78,29.02006,0

1162,37.2,37834.95,2.48,29.27461,0

1163,26.3,37861.25,2.98,30.66298,0

1164,22.85,37884.1,3.18,30.9478,0

1165,50.15,37934.25,2.21,30.88463,0
1166,7.7,37941.95,3.43,30.71956,0
1167,13.75,37955.7,2.86,30.59947,0
1168,30.9,37986.6,3.3,30.31916,0
1169,36.85,38023.45,2.34,30.19137,0
1170,12.0,38035.45,2.33,30.09055,0
1171,27.35,38062.8,2.8,30.10467,0
1172,10.75,38073.55,2.69,30.11262,0
1173,26.5,38100.05,3.11,30.18109,0
1174,33.9,38133.95,3.24,30.23073,0
1175,51.9,38185.85,3.59,30.30043,0
1176,29.9,38215.75,2.85,30.40443,0
1177,14.5,38230.25,3.04,30.34478,0
1178,29.0,38259.25,2.57,30.36401,0
1179,23.2,38282.45,2.36,30.04708,0
1180,24.95,38307.4,2.39,30.15933,0
1181,12.25,38319.65,1.68,30.09637,0
1182,18.2,38337.85,2.1,30.1955,0
1183,31.15,38369.0,2.43,30.15215,0
1184,28.75,38397.75,2.06,30.25369,0
1185,23.5,38421.25,2.8,30.2364,0
1186,22.15,38443.4,2.63,30.17598,0
1187,26.8,38470.2,4.02,30.18276,0
1188,10.55,38480.75,1.8,30.25088,0
1189,19.9,38500.65,3.13,30.20854,0
1190,9.25,38509.9,2.16,30.25378,0
1191,32.2,38542.1,2.96,30.26419,0
1192,15.45,38557.55,3.47,30.23607,0
1193,17.85,38575.4,2.52,30.25524,0
1194,4.85,38580.25,1.88,30.26232,0
1195,25.55,38605.8,2.53,30.24245,0
1196,23.15,38628.95,3.05,30.22611,0
1197,8.3,38637.25,2.76,30.24271,0
1198,14.75,38652.0,1.57,30.25367,0
1199,23.7,38675.7,2.86,30.26857,0
1200,15.0,38690.7,3.22,30.26649,0
1201,11.35,38702.05,2.3,30.28512,0
1202,15.4,38717.45,2.4,30.31586,0
1203,3.65,38721.1,2.07,30.30323,0
1204,42.95,38764.05,2.6,30.31379,0
1205,10.8,38774.85,3.41,30.31499,0
1206,16.6,38791.45,3.21,30.32817,0
1207,8.25,38799.7,1.67,30.3029,0
1208,18.35,38818.05,3.29,30.30176,0
1209,16.7,38834.75,2.26,30.29927,0
1210,7.7,38842.45,2.27,30.288,0
1211,15.9,38858.35,2.4,30.30846,0
1212,26.2,38884.55,2.87,30.36239,0
1213,9.45,38894.0,3.1,30.37777,0
1214,25.4,38919.4,2.8,30.3681,0
1215,17.45,38936.85,3.49,30.34598,0
1216,9.6,38946.45,2.52,30.3452,0
1217,13.8,38960.25,2.46,30.34436,0
1218,17.6,38977.85,2.93,30.37145,0
1219,9.15,38987.0,2.34,30.37948,0
1220,14.15,39001.15,2.89,30.38058,0
1221,8.9,39010.05,2.6,30.37272,0
1222,5.6,39015.65,2.9,30.418,0
1223,14.9,39030.55,3.33,30.43412,0
1224,5.2,39035.75,2.64,30.43929,0
1225,9.65,39045.4,2.91,30.41744,0
1226,16.8,39062.2,3.03,30.41787,0
1227,21.7,39083.9,2.74,30.44722,0
1228,11.85,39095.75,3.26,30.43496,0
1229,10.85,39106.6,2.7,30.45685,0
1230,15.75,39122.35,2.31,30.40528,0
1231,19.15,39141.5,2.02,30.42479,0
1232,19.0,39160.5,3.06,30.46246,0
1233,12.75,39173.25,2.14,30.46172,0
1234,20.4,39193.65,2.25,30.4929,0
1235,16.9,39210.55,2.01,30.47259,0
1236,23.8,39234.35,2.23,30.4221,0
1237,8.7,39243.05,3.26,30.41166,0
1238,9.7,39252.75,1.74,30.42734,0
1239,20.45,39273.2,2.84,30.4363,0
1240,18.6,39291.8,2.79,30.46022,0
1241,7.75,39299.55,2.81,30.45723,0
1242,11.75,39311.3,2.96,30.46585,0
1243,14.75,39326.05,2.38,30.46026,0
1244,17.85,39343.9,3.23,30.45186,0
1245,3.0,39346.9,2.8,30.45021,0
1246,15.55,39362.45,2.23,30.44098,0
1247,6.9,39369.35,2.23,30.43463,0
1248,8.8,39378.15,2.37,30.43195,0
1249,25.3,39403.45,2.51,30.44344,0
1250,14.75,39418.2,2.23,30.42509,0
1251,10.35,39428.55,3.12,30.41921,0
1252,25.8,39454.35,3.28,30.40439,0
1253,5.55,39459.9,1.92,30.40867,0
1254,22.45,39482.35,2.42,30.4252,0
1255,19.45,39501.8,2.42,30.41855,0
1256,3.15,39504.95,2.09,30.40876,0
1257,8.85,39513.8,2.61,30.41175,0
1258,13.8,39527.6,1.88,30.39577,0
1259,11.45,39539.05,3.59,30.39734,0
1260,15.1,39554.15,2.82,30.4021,0
1261,16.85,39571.0,2.15,30.41604,0
1262,13.7,39584.7,2.57,30.42499,0
1263,11.5,39596.2,3.34,30.40767,0
1264,20.25,39616.45,3.03,30.39765,0
1265,27.25,39643.7,3.34,30.37389,0
1266,10.15,39653.85,1.93,30.381,0
1267,29.05,39682.9,3.23,30.38092,0
1268,27.55,39710.45,2.39,30.35267,0
1269,38.95,39749.4,3.38,30.33392,0
1270,16.2,39765.6,2.35,30.3193,0
1271,6.3,39771.9,3.75,30.31773,0
1272,5.95,39777.85,2.51,30.30287,0
1273,6.45,39784.3,1.75,30.27961,0
1274,9.0,39793.3,2.98,30.2693,0
1275,7.4,39800.7,2.11,30.26085,0
1276,10.95,39811.65,2.78,30.25268,0
1277,11.85,39823.5,2.65,30.23914,0
1278,5.3,39828.8,2.02,30.23891,0
1279,19.2,39848.0,2.02,30.24416,0
1280,22.05,39870.05,2.43,30.25524,0
1281,9.05,39879.1,2.23,30.24775,0
1282,18.2,39897.3,2.56,30.24583,0
1283,14.85,39912.15,3.07,30.22846,0
1284,14.05,39926.2,2.46,30.22702,0
1285,11.4,39937.6,2.35,30.23732,0
1286,11.05,39948.65,2.28,30.22869,0
1287,3.7,39952.35,2.56,30.22261,0
1288,8.65,39961.0,2.33,30.22257,0
1289,11.2,39972.2,3.74,30.21492,0
1290,8.0,39980.2,2.64,30.21731,0
1291,18.8,39999.0,2.68,30.2264,0
1292,8.9,40007.9,3.95,30.2196,0
1293,2.65,40010.55,2.5,30.21555,0
1294,19.4,40029.95,3.86,30.22139,0
1295,17.55,40047.5,2.53,30.19966,0
1296,1.5,40049.0,2.46,30.20021,0
1297,19.75,40068.75,2.46,30.19443,0
1298,16.65,40085.4,2.91,30.17893,0
1299,17.3,40102.7,2.33,30.16552,0
1300,12.7,40115.4,2.2,30.15951,0
1301,27.6,40143.0,2.85,30.14588,0
1302,11.6,40154.6,2.02,30.13443,0
1303,8.2,40162.8,2.67,30.13675,0
1304,13.5,40176.3,2.71,30.14297,0
1305,19.45,40195.75,2.53,30.16076,0
1306,13.1,40208.85,3.47,30.14704,0
1307,15.2,40224.05,3.73,30.15664,0
1308,16.65,40240.7,2.61,30.13501,0
1309,20.05,40260.75,2.64,30.12922,0
1310,13.45,40274.2,3.95,30.12264,0
1311,8.9,40283.1,2.68,30.11141,0
1312,13.75,40296.85,3.23,30.11507,0
1313,24.7,40321.55,2.89,30.13584,0
1314,10.75,40332.3,2.43,30.12926,0
1315,10.15,40342.45,2.77,30.1285,0
1316,2.0,40344.45,2.61,30.12518,0
1317,30.35,40374.8,3.13,30.11729,0
1318,-0.9,40373.9,1.93,30.11832,0
1319,16.25,40390.15,3.18,30.10889,0
1320,20.2,40410.35,2.37,30.09854,0
1321,6.85,40417.2,3.0,30.09651,0
1322,9.65,40426.85,2.46,30.09124,0
1323,14.9,40441.75,3.34,30.08654,0
1324,18.1,40459.85,3.1,30.08785,0
1325,8.75,40468.6,1.23,30.09478,0
1326,13.9,40482.5,3.57,30.08834,0
1327,14.2,40496.7,2.61,30.08334,0
1328,15.55,40512.25,2.54,30.06345,0
1329,12.6,40524.85,3.41,30.06297,0
1330,9.75,40534.6,2.81,30.06337,0
1331,8.7,40543.3,2.71,30.0602,0
1332,16.15,40559.45,2.03,30.04971,0
1333,26.2,40585.65,2.83,30.05022,0
1334,16.3,40601.95,2.06,30.05429,0
1335,8.65,40610.6,3.86,30.04685,0
1336,14.15,40624.75,2.86,30.05112,0
1337,8.0,40632.75,3.56,30.05012,0
1338,25.6,40658.35,3.18,30.05183,0
1339,6.55,40664.9,3.06,30.06503,0
1340,32.15,40697.05,2.68,30.07309,0
1341,27.45,40724.5,4.25,30.0708,0
1342,15.7,40740.2,2.9,30.0811,0
1343,5.25,40745.45,2.27,30.08239,0
1344,13.35,40758.8,3.72,30.08255,0
1345,9.45,40768.25,2.73,30.08435,0
1346,15.0,40783.25,2.45,30.08205,0
1347,19.55,40802.8,2.03,30.07908,0
1348,10.4,40813.2,3.62,30.07095,0
1349,13.9,40827.1,3.13,30.06962,0
1350,12.1,40839.2,2.42,30.06326,0
1351,12.85,40852.05,2.68,30.0586,0
1352,11.2,40863.25,3.65,30.0591,0
1353,8.5,40871.75,2.22,30.06493,0
1354,20.8,40892.55,2.07,30.06499,0
1355,11.85,40904.4,3.18,30.06002,0
1356,11.3,40915.7,2.24,30.05026,0
1357,26.7,40942.4,2.98,30.03762,0
1358,14.7,40957.1,2.58,30.03804,0
1359,11.85,40968.95,3.42,30.04398,0
1360,19.3,40988.25,2.02,30.05456,0
1361,26.5,41014.75,2.54,30.05082,0
1362,16.75,41031.5,3.08,30.06844,0
1363,6.4,41037.9,4.03,30.06172,0
1364,13.55,41051.45,3.53,30.05898,0
1365,13.4,41064.85,3.24,30.05973,0
1366,14.45,41079.3,2.78,30.05171,0
1367,16.65,41095.95,3.21,30.04261,0
1368,6.9,41102.85,3.43,30.04295,0
1369,15.4,41118.25,2.56,30.04913,0
1370,11.75,41130.0,3.86,30.04791,0
1371,34.0,41164.0,3.07,30.04851,0
1372,15.95,41179.95,2.56,30.03578,0
1373,14.85,41194.8,2.96,30.02935,0
1374,24.6,41219.4,2.73,30.02707,0
1375,17.85,41237.25,2.6,30.0266,0
1376,4.4,41241.65,2.36,30.02784,0
1377,25.35,41267.0,2.83,30.02359,0
1378,4.7,41271.7,3.07,30.02139,0
1379,27.55,41299.25,2.03,30.02113,0
1380,15.25,41314.5,3.61,30.01583,0
1381,19.85,41334.35,2.06,30.00985,0
1382,13.15,41347.5,3.36,30.00979,0
1383,12.1,41359.6,3.47,30.0113,0
1384,14.0,41373.6,2.6,30.00597,0
1385,14.75,41388.35,2.2,30.00339,0
1386,17.95,41406.3,3.53,29.99712,0
1387,17.45,41423.75,2.71,29.98972,0
1388,7.05,41430.8,2.38,29.99102,0
1389,7.95,41438.75,2.86,30.0012,0
1390,20.7,41459.45,3.18,29.9982,0
1391,13.2,41472.65,3.31,29.98884,0
1392,6.9,41479.55,3.2,29.98103,0
1393,3.6,41483.15,1.9,29.98049,0
1394,11.45,41494.6,3.47,29.98005,0
1395,13.65,41508.25,3.01,29.97301,0
1396,8.55,41516.8,3.54,29.97103,0
1397,4.45,41521.25,3.21,29.97012,0
1398,8.9,41530.15,2.35,29.96422,0
1399,12.9,41543.05,2.72,29.96752,0
1400,13.1,41556.15,2.96,29.96215,0
1401,5.85,41562.0,2.35,29.96422,0
1402,17.15,41579.15,2.74,29.95411,0
1403,8.3,41587.45,2.84,29.95157,0
1404,18.95,41606.4,3.4,29.9434,0
1405,5.75,41612.15,2.39,29.94326,0
1406,11.6,41623.75,2.76,29.94395,0
1407,12.5,41636.25,2.28,29.94286,0
1408,15.2,41651.45,3.01,29.93892,0
1409,20.45,41671.9,3.04,29.93717,0
1410,9.4,41681.3,1.91,29.92979,0
1411,14.8,41696.1,3.91,29.92659,0
1412,9.0,41705.1,1.27,29.92958,0
1413,15.25,41720.35,2.46,29.92468,0
1414,18.75,41739.1,3.71,29.92118,0
1415,20.05,41759.15,2.55,29.92358,0
1416,13.7,41772.85,2.67,29.9253,0
1417,8.65,41781.5,2.85,29.91878,0
1418,5.65,41787.15,3.34,29.91907,0
1419,17.5,41804.65,3.35,29.9186,0
1420,12.65,41817.3,3.32,29.91906,0
1421,17.9,41835.2,2.1,29.91866,0
1422,16.65,41851.85,2.82,29.90989,0
1423,20.15,41872.0,3.56,29.91442,0
1424,14.4,41886.4,2.91,29.91571,0
1425,16.1,41902.5,2.69,29.91724,0
1426,29.4,41931.9,3.77,29.92244,0
1427,20.85,41952.75,3.59,29.91591,0
1428,5.3,41958.05,3.53,29.92023,0
1429,10.65,41968.7,3.46,29.91955,0
1430,18.95,41987.65,4.24,29.91677,0
1431,21.65,42009.3,3.22,29.91752,0
1432,16.0,42025.3,2.86,29.91634,0
1433,14.25,42039.55,2.69,29.90963,0
1434,15.35,42054.9,2.98,29.90594,0
1435,12.65,42067.55,3.2,29.90483,0
1436,8.55,42076.1,2.72,29.89849,0
1437,14.1,42090.2,3.63,29.89219,0
1438,14.2,42104.4,2.99,29.88667,0
1439,15.5,42119.9,2.56,29.88376,0
1440,15.35,42135.25,2.02,29.8873,0
1441,11.6,42146.85,2.33,29.88534,0
1442,7.75,42154.6,3.39,29.88089,0
1443,2.85,42157.45,2.4,29.87949,0
1444,11.25,42168.7,3.26,29.8822,0
1445,16.25,42184.95,3.24,29.88465,0
1446,15.1,42200.05,3.2,29.87889,0
1447,11.55,42211.6,3.5,29.87655,0
1448,14.0,42225.6,2.5,29.87513,0
1449,20.25,42245.85,3.13,29.87426,0
1450,3.9,42249.75,3.41,29.87328,0
1451,5.95,42255.7,3.54,29.8703,0
1452,22.75,42278.45,2.89,29.86084,0
1453,14.65,42293.1,1.85,29.85731,0
1454,12.4,42305.5,2.16,29.8587,0
1455,28.5,42334.0,2.7,29.85042,0
1456,8.2,42342.2,3.41,29.84865,0
1457,23.6,42365.8,3.23,29.83939,0
1458,14.15,42379.95,2.24,29.83944,0
1459,3.15,42383.1,3.85,29.83832,0
1460,20.7,42403.8,2.79,29.83193,0
1461,12.15,42415.95,3.63,29.83252,0
1462,21.35,42437.3,2.89,29.82644,0
1463,8.9,42446.2,2.29,29.82131,0
1464,12.4,42458.6,2.19,29.82158,0
1465,17.5,42476.1,2.93,29.8294,0
1466,17.1,42493.2,3.41,29.834,0
1467,12.25,42505.45,3.35,29.83227,0
1468,10.6,42516.05,2.85,29.82777,0
1469,12.45,42528.5,3.57,29.82552,0
1470,14.4,42542.9,3.2,29.82581,0
1471,8.65,42551.55,2.63,29.83211,0
1472,32.2,42583.75,2.42,29.84571,0
1473,12.2,42595.95,3.12,29.8507,0
1474,13.75,42609.7,3.46,29.84786,0
1475,2.25,42611.95,3.29,29.84517,0
1476,8.25,42620.2,3.4,29.8455,0
1477,13.45,42633.65,2.23,29.84509,0
1478,5.85,42639.5,3.5,29.84184,0
1479,17.8,42657.3,3.12,29.84136,0
1480,7.2,42664.5,2.38,29.84185,0
1481,11.05,42675.55,3.16,29.8466,0
1482,17.3,42692.85,2.55,29.84395,0
1483,13.55,42706.4,3.35,29.84174,0
1484,14.7,42721.1,3.88,29.84022,0
1485,7.6,42728.7,2.93,29.83716,0
1486,12.2,42740.9,3.26,29.84563,0
1487,19.3,42760.2,2.99,29.8391,0
1488,14.8,42775.0,3.26,29.83733,0
1489,14.25,42789.25,3.31,29.83107,0
1490,22.0,42811.25,2.75,29.83129,0
1491,24.35,42835.6,2.32,29.82177,0
1492,20.4,42856.0,3.52,29.8198,0
1493,10.35,42866.35,2.18,29.81139,0
1494,14.05,42880.4,3.57,29.80577,0
1495,19.95,42900.35,3.37,29.80088,0
1496,21.6,42921.95,2.67,29.79784,0
1497,23.15,42945.1,2.3,29.80544,0
1498,26.85,42971.95,3.15,29.799,0
1499,9.65,42981.6,3.36,29.80191,0
1500,11.6,42993.2,2.93,29.79946,0
1501,21.85,43015.05,3.32,29.79725,0
1502,16.4,43031.45,2.81,29.79344,0
1503,11.95,43043.4,3.55,29.79194,0
1504,3.15,43046.55,2.06,29.80415,0
1505,13.1,43059.65,3.98,29.801,0
1506,5.4,43065.05,3.12,29.80004,0
1507,12.35,43077.4,2.85,29.79581,0
1508,10.85,43088.25,3.51,29.79577,0
1509,12.2,43100.45,2.43,29.79276,0
1510,16.5,43116.95,4.1,29.79208,0
1511,16.75,43133.7,2.81,29.79076,0
1512,7.1,43140.8,2.67,29.79167,0
1513,17.6,43158.4,2.58,29.78442,0
1514,12.25,43170.65,2.61,29.77545,0
1515,12.05,43182.7,3.13,29.77254,0
1516,12.45,43195.15,2.6,29.7736,0
1517,10.4,43205.55,2.57,29.7776,0
1518,21.5,43227.05,3.7,29.77789,0
1519,15.8,43242.85,3.13,29.77784,0
1520,14.9,43257.75,3.37,29.78139,0
1521,16.95,43274.7,3.45,29.77856,0
1522,9.3,43284.0,2.38,29.7757,0
1523,6.15,43290.15,2.38,29.77189,0
1524,13.0,43303.15,2.4,29.76784,0
1525,16.1,43319.25,3.01,29.7615,0
1526,8.4,43327.65,1.37,29.75687,0
1527,17.65,43345.3,3.04,29.75511,0
1528,15.5,43360.8,3.86,29.751,0
1529,4.8,43365.6,3.49,29.75065,0
1530,10.0,43375.6,3.14,29.74764,0
1531,6.35,43381.95,2.8,29.75464,0
1532,18.05,43400.0,2.52,29.75179,0
1533,31.7,43431.7,2.8,29.75094,0
1534,8.2,43439.9,2.25,29.7493,0
1535,13.7,43453.6,3.95,29.74986,0
1536,9.4,43463.0,2.71,29.75171,0
1537,15.4,43478.4,1.98,29.75228,0
1538,20.15,43498.55,3.45,29.74848,0
1539,8.8,43507.35,3.24,29.74754,0
1540,19.8,43527.15,2.54,29.74993,0
1541,5.15,43532.3,2.47,29.74877,0
1542,10.5,43542.8,3.06,29.74751,0
1543,16.9,43559.7,2.81,29.74688,0
1544,1.3,43561.0,2.21,29.74338,0
1545,7.4,43568.4,2.94,29.74022,0
1546,7.35,43575.75,1.56,29.73664,0
1547,21.25,43597.0,2.27,29.73792,0
1548,14.1,43611.1,3.31,29.73709,0
1549,12.5,43623.6,2.14,29.73592,0
1550,13.95,43637.55,3.32,29.73379,0
1551,6.3,43643.85,2.61,29.73131,0
1552,9.1,43652.95,2.94,29.72946,0
1553,14.15,43667.1,2.67,29.73236,0
1554,9.9,43677.0,2.68,29.72884,0
1555,19.3,43696.3,2.58,29.72451,0
1556,19.6,43715.9,2.74,29.71986,0
1557,12.45,43728.35,2.13,29.71369,0
1558,13.7,43742.05,3.19,29.71437,0
1559,7.75,43749.8,2.07,29.71437,0
1560,12.25,43762.05,3.46,29.70769,0
1561,24.9,43786.95,2.63,29.70498,0
1562,3.65,43790.6,2.39,29.70439,0
1563,19.0,43809.6,3.88,29.70017,0
1564,30.05,43839.65,2.72,29.69604,0
1565,17.75,43857.4,3.56,29.69777,0
1566,5.35,43862.75,3.18,29.69638,0
1567,18.45,43881.2,3.22,29.69205,0
1568,6.0,43887.2,2.82,29.68849,0
1569,27.6,43914.8,2.63,29.69783,0
1570,15.5,43930.3,2.1,29.69288,0
1571,15.6,43945.9,3.04,29.68952,0
1572,14.55,43960.45,3.87,29.68823,0
1573,15.4,43975.85,3.85,29.68766,0
1574,11.6,43987.45,3.41,29.68338,0
1575,38.2,44025.65,2.35,29.68716,0
1576,10.75,44036.4,2.18,29.68427,0
1577,20.2,44056.6,3.07,29.68493,0
1578,12.2,44068.8,3.17,29.68094,0
1579,19.5,44088.3,2.76,29.67488,0
1580,32.8,44121.1,3.22,29.67667,0
1581,6.55,44127.65,2.4,29.67715,0
1582,4.6,44132.25,2.0,29.67606,0
1583,8.95,44141.2,3.74,29.67447,0
1584,13.35,44154.55,3.81,29.67843,0
1585,23.05,44177.6,3.36,29.67865,0
1586,2.2,44179.8,2.96,29.67759,0
1587,12.05,44191.85,3.03,29.67755,0
1588,12.95,44204.8,3.46,29.67321,0
1589,5.55,44210.35,4.04,29.6724,0
1590,9.8,44220.15,2.67,29.67132,0
1591,23.15,44243.3,3.52,29.67621,0
1592,18.75,44262.05,3.15,29.67586,0
1593,16.85,44278.9,2.72,29.67902,0
1594,8.8,44287.7,3.64,29.67926,0
1595,18.55,44306.25,2.58,29.67737,0
1596,11.15,44317.4,2.82,29.67233,0
1597,5.85,44323.25,2.81,29.67067,0
1598,20.35,44343.6,3.11,29.66525,0
1599,9.3,44352.9,3.5,29.66365,0
1600,6.85,44359.75,3.7,29.66482,0
1601,10.15,44369.9,1.85,29.66116,0
1602,37.25,44407.15,2.23,29.66278,0
1603,16.45,44423.6,2.85,29.6676,0
1604,9.0,44432.6,3.11,29.66665,0
1605,17.3,44449.9,2.85,29.66733,0
1606,9.75,44459.65,3.59,29.67078,0
1607,23.85,44483.5,2.88,29.66541,0
1608,6.65,44490.15,2.6,29.66549,0
1609,2.45,44492.6,3.76,29.66348,0
1610,11.55,44504.15,2.68,29.66312,0
1611,13.9,44518.05,4.24,29.66105,0
1612,15.65,44533.7,2.29,29.6568,0
1613,19.75,44553.45,3.55,29.65694,0
1614,13.55,44567.0,4.13,29.65497,0
1615,27.1,44594.1,3.64,29.65091,0
1616,13.6,44607.7,3.23,29.64792,0
1617,18.65,44626.35,2.91,29.65006,0
1618,15.35,44641.7,3.02,29.64615,0
1619,14.65,44656.35,2.99,29.64623,0
1620,12.45,44668.8,2.31,29.64743,0
1621,5.45,44674.25,3.15,29.64549,0
1622,4.4,44678.65,4.05,29.64545,0
1623,1.85,44680.5,2.65,29.64591,0
1624,10.0,44690.5,2.22,29.64672,0
1625,16.2,44706.7,3.93,29.64554,0
1626,12.0,44718.7,2.85,29.64179,0
1627,13.55,44732.25,3.88,29.64096,0
1628,5.9,44738.15,2.36,29.63982,0
1629,4.6,44742.75,2.07,29.63958,0
1630,9.7,44752.45,2.7,29.64167,0
1631,8.8,44761.25,3.84,29.6413,0
1632,19.45,44780.7,3.86,29.64106,0
1633,7.4,44788.1,3.12,29.64063,0
1634,16.9,44805.0,3.19,29.63772,0
1635,4.4,44809.4,2.95,29.63836,0
1636,13.9,44823.3,4.48,29.63745,0
1637,3.5,44826.8,2.54,29.63497,0
1638,5.7,44832.5,2.55,29.63684,0
1639,4.55,44837.05,2.81,29.6355,0
1640,10.05,44847.1,2.62,29.63286,0
1641,18.45,44865.55,3.63,29.63408,0
1642,8.1,44873.65,1.7,29.63216,0
1643,27.65,44901.3,2.83,29.63717,0
1644,9.9,44911.2,3.18,29.63518,0
1645,5.75,44916.95,1.8,29.63436,0
1646,26.95,44943.9,2.71,29.63564,0
1647,22.15,44966.05,2.71,29.62788,0
1648,6.1,44972.15,2.11,29.62492,0
1649,15.75,44987.9,2.82,29.62194,0
1650,17.85,45005.75,2.22,29.62032,0
1651,12.35,45018.1,2.75,29.61725,0
1652,6.45,45024.55,2.03,29.61651,0
1653,10.55,45035.1,3.35,29.61435,0
1654,11.55,45046.65,3.08,29.6111,0
1655,18.55,45065.2,2.23,29.60964,0
1656,15.8,45081.0,1.92,29.60373,0
1657,14.5,45095.5,1.9,29.60072,0
1658,21.1,45116.6,3.17,29.59966,0
1659,5.25,45121.85,2.7,29.59923,0
1660,17.9,45139.75,2.07,29.59439,0
1661,17.9,45157.65,3.41,29.59528,0
1662,9.6,45167.25,2.05,29.59287,0
1663,17.55,45184.8,2.23,29.596,0
1664,15.0,45199.8,2.37,29.58997,0
1665,11.6,45211.4,2.33,29.58804,0
1666,11.4,45222.8,1.27,29.58972,0
1667,18.85,45241.65,2.58,29.58378,0
1668,10.45,45252.1,2.83,29.58123,0
1669,4.95,45257.05,2.26,29.57967,0
1670,16.95,45274.0,2.88,29.57876,0
1671,19.75,45293.75,3.31,29.57735,0
1672,19.8,45313.55,2.95,29.5783,0
1673,12.4,45325.95,3.38,29.57828,0
1674,8.25,45334.2,2.21,29.57708,0
1675,4.55,45338.75,2.2,29.57658,0
1676,13.45,45352.2,3.42,29.57459,0
1677,7.05,45359.25,2.05,29.57138,0
1678,6.5,45365.75,1.99,29.56632,0
1679,4.75,45370.5,2.64,29.56574,0
1680,13.2,45383.7,2.6,29.56295,0
1681,26.1,45409.8,2.99,29.55817,0
1682,5.5,45415.3,2.81,29.55678,0
1683,12.8,45428.1,1.86,29.55253,0
1684,9.8,45437.9,4.1,29.55383,0
1685,9.55,45447.45,3.21,29.55242,0
1686,32.65,45480.1,2.66,29.55261,0
1687,31.55,45511.65,3.17,29.55256,0
1688,8.9,45520.55,2.19,29.5538,0
1689,6.35,45526.9,2.45,29.55291,0
1690,6.6,45533.5,2.69,29.55303,0
1691,17.35,45550.85,2.71,29.54803,0
1692,14.75,45565.6,2.75,29.54635,0
1693,23.3,45588.9,2.69,29.54488,0
1694,30.95,45619.85,2.23,29.54207,0
1695,14.55,45634.4,2.86,29.53892,0
1696,13.6,45648.0,2.99,29.53541,0
1697,15.0,45663.0,3.57,29.5353,0
1698,23.1,45686.1,2.46,29.5368,0
1699,5.95,45692.05,2.54,29.53435,0
1700,8.0,45700.05,2.66,29.53301,0
1701,11.45,45711.5,3.16,29.53116,0
1702,6.4,45717.9,1.62,29.53229,0
1703,12.5,45730.4,3.13,29.53165,0
1704,10.2,45740.6,3.43,29.53097,0
1705,14.6,45755.2,2.98,29.52781,0
1706,6.65,45761.85,2.62,29.52289,0
1707,24.1,45785.95,3.53,29.52644,0
1708,19.7,45805.65,3.65,29.52766,0
1709,11.55,45817.2,3.79,29.53021,0
1710,5.15,45822.35,2.81,29.52849,0
1711,13.1,45835.45,3.0,29.52545,0
1712,8.25,45843.7,2.89,29.5226,0
1713,12.95,45856.65,2.9,29.51919,0
1714,15.2,45871.85,2.35,29.521,0
1715,26.95,45898.8,2.43,29.51773,0
1716,14.5,45913.3,2.93,29.5165,0
1717,3.9,45917.2,2.64,29.51468,0
1718,15.55,45932.75,2.47,29.5168,0
1719,9.75,45942.5,2.52,29.51499,0
1720,16.0,45958.5,3.52,29.51378,0
1721,21.15,45979.65,2.84,29.51267,0
1722,5.85,45985.5,3.61,29.51202,0
1723,29.55,46015.05,4.28,29.51056,0
1724,3.6,46018.65,2.24,29.50898,0
1725,15.8,46034.45,2.64,29.50466,0
1726,28.75,46063.2,3.37,29.50352,0
1727,12.35,46075.55,2.96,29.50357,0
1728,6.15,46081.7,2.12,29.50298,0
1729,9.25,46090.95,3.77,29.50167,0
1730,10.0,46100.95,3.42,29.50379,0
1731,14.3,46115.25,2.32,29.50406,0
1732,7.25,46122.5,2.53,29.50184,0
1733,9.9,46132.4,3.01,29.4989,0
1734,12.45,46144.85,2.48,29.49801,0
1735,1.7,46146.55,1.92,29.49583,0
1736,5.85,46152.4,2.23,29.4954,0
1737,13.55,46165.95,2.68,29.49327,0
1738,20.3,46186.25,3.4,29.49233,0
1739,13.6,46199.85,3.33,29.49412,0
1740,25.75,46225.6,2.63,29.48893,0
1741,19.6,46245.2,2.86,29.48631,0
1742,16.05,46261.25,3.55,29.48652,0
1743,8.9,46270.15,3.41,29.48525,0
1744,16.05,46286.2,2.47,29.48503,0
1745,5.15,46291.35,2.14,29.4847,0
1746,11.45,46302.8,3.32,29.48261,0
1747,18.8,46321.6,2.28,29.48246,0
1748,17.8,46339.4,2.62,29.48234,0
1749,9.1,46348.5,1.88,29.4783,0
1750,15.4,46363.9,3.42,29.48031,0
1751,18.1,46382.0,3.57,29.47674,0
1752,22.8,46404.8,3.67,29.47414,0
1753,15.85,46420.65,2.12,29.47202,0
1754,19.1,46439.75,3.3,29.4675,0
1755,13.85,46453.6,2.64,29.46621,0
1756,8.15,46461.75,2.1,29.46619,0
1757,6.35,46468.1,2.93,29.46398,0
1758,2.75,46470.85,2.4,29.46215,0
1759,8.0,46478.85,3.02,29.45994,0
1760,10.2,46489.05,3.41,29.45999,0
1761,12.3,46501.35,2.02,29.45828,0
1762,6.9,46508.25,2.42,29.45609,0
1763,10.6,46518.85,2.04,29.45414,0
1764,14.8,46533.65,3.01,29.45321,0
1765,6.6,46540.25,2.18,29.45215,0
1766,13.7,46553.95,2.83,29.4486,0
1767,6.4,46560.35,2.3,29.4466,0
1768,6.95,46567.3,3.07,29.44624,0
1769,14.45,46581.75,2.69,29.44403,0
1770,19.75,46601.5,3.29,29.44262,0
1771,33.25,46634.75,2.44,29.43879,0
1772,11.7,46646.45,2.86,29.43503,0
1773,9.7,46656.15,2.22,29.43318,0
1774,18.1,46674.25,2.9,29.42986,0
1775,20.0,46694.25,3.09,29.42627,0
1776,11.8,46706.05,2.78,29.42439,0
1777,13.35,46719.4,2.5,29.4196,0
1778,1.6,46721.0,2.26,29.41831,0
1779,5.8,46726.8,2.56,29.417,0
1780,2.75,46729.55,2.27,29.41635,0
1781,9.7,46739.25,2.82,29.41299,0
1782,8.8,46748.05,4.09,29.41194,0
1783,3.95,46752.0,2.42,29.41076,0
1784,3.35,46755.35,3.23,29.40995,0
1785,19.65,46775.0,2.08,29.41413,0
1786,10.2,46785.2,2.86,29.41425,0
1787,17.15,46802.35,3.2,29.41307,0
1788,11.25,46813.6,2.0,29.41052,0
1789,17.95,46831.55,3.16,29.4098,0
1790,11.05,46842.6,2.1,29.40662,0
1791,9.05,46851.65,2.3,29.40463,0
1792,13.0,46864.65,2.98,29.40268,0
1793,17.2,46881.85,2.63,29.40409,0
1794,21.0,46902.85,2.69,29.40329,0
1795,13.0,46915.85,3.1,29.40277,0
1796,18.4,46934.25,3.88,29.40019,0
1797,10.45,46944.7,2.99,29.39764,0
1798,17.1,46961.8,2.62,29.39418,0
1799,2.75,46964.55,2.63,29.39304,0
1800,8.15,46972.7,2.71,29.38943,0
1801,31.3,47004.0,3.04,29.38598,0
1802,7.8,47011.8,2.06,29.38456,0
1803,10.85,47022.65,2.84,29.38091,0
1804,21.5,47044.15,3.19,29.37943,0
1805,7.25,47051.4,2.71,29.37671,0
1806,17.2,47068.6,2.79,29.37236,0
1807,11.0,47079.6,2.91,29.36922,0
1808,21.2,47100.8,2.91,29.36834,0
1809,14.05,47114.85,2.25,29.37288,0
1810,11.85,47126.7,3.42,29.37164,0
1811,14.9,47141.6,2.74,29.3693,0
1812,13.9,47155.5,3.07,29.36832,0
1813,13.7,47169.2,3.63,29.36695,0
1814,19.35,47188.55,2.94,29.36557,0
1815,8.4,47196.95,2.98,29.36417,0
1816,7.85,47204.8,3.24,29.3631,0
1817,3.15,47207.95,2.67,29.36119,0
1818,17.65,47225.6,3.6,29.35944,0
1819,10.9,47236.5,2.6,29.35887,0
1820,5.0,47241.5,3.0,29.35779,0
1821,16.4,47257.9,2.41,29.35673,0
1822,11.8,47269.7,2.91,29.35281,0
1823,19.4,47289.1,2.68,29.34871,0
1824,13.45,47302.55,3.15,29.34835,0
1825,15.25,47317.8,2.79,29.34539,0
1826,17.45,47335.25,3.1,29.34398,0
1827,11.7,47346.95,3.03,29.34336,0
1828,6.35,47353.3,2.07,29.34061,0
1829,14.3,47367.6,2.93,29.33984,0
1830,13.4,47381.0,2.69,29.33945,0
1831,16.6,47397.6,3.03,29.3396,0
1832,17.75,47415.35,2.1,29.33633,0
1833,26.3,47441.65,3.01,29.33423,0
1834,24.7,47466.35,3.3,29.33438,0
1835,13.85,47480.2,3.25,29.33552,0
1836,16.1,47496.3,2.67,29.33436,0
1837,11.25,47507.55,3.48,29.33462,0
1838,14.25,47521.8,3.57,29.33373,0
1839,4.35,47526.15,2.52,29.33332,0
1840,8.95,47535.1,2.9,29.33238,0
1841,5.6,47540.7,2.65,29.33086,0
1842,13.4,47554.1,3.12,29.33091,0
1843,3.5,47557.6,2.46,29.3288,0
1844,11.95,47569.55,2.44,29.33147,0
1845,16.7,47586.25,3.02,29.3307,0
1846,4.55,47590.8,3.78,29.33075,0
1847,28.0,47618.8,3.26,29.32925,0
1848,7.35,47626.15,1.77,29.32887,0
1849,13.8,47639.95,2.66,29.33052,0
1850,13.2,47653.15,2.81,29.33186,0
1851,5.7,47658.85,2.92,29.32935,0
1852,10.35,47669.2,2.86,29.32628,0
1853,16.2,47685.4,3.65,29.32358,0
1854,8.2,47693.6,2.54,29.32297,0
1855,4.35,47697.95,2.45,29.32178,0
1856,27.35,47725.3,2.88,29.3221,0
1857,9.45,47734.75,2.71,29.31997,0
1858,20.6,47755.35,3.12,29.31656,0
1859,10.4,47765.75,2.59,29.31529,0
1860,6.35,47772.1,2.33,29.31091,0
1861,23.75,47795.85,3.43,29.31139,0
1862,4.3,47800.15,2.7,29.31064,0
1863,9.45,47809.6,2.48,29.30912,0
1864,9.0,47818.6,2.22,29.30615,0
1865,16.15,47834.75,2.77,29.3056,0
1866,13.15,47847.9,2.27,29.29872,0
1867,11.1,47859.0,3.03,29.29675,0
1868,12.0,47871.0,2.49,29.29398,0
1869,19.7,47890.7,4.57,29.29299,0
1870,23.1,47913.8,3.6,29.29226,0
1871,10.55,47924.35,2.72,29.29044,0
1872,6.85,47931.2,3.16,29.28852,0
1873,6.0,47937.2,2.84,29.28689,0
1874,11.8,47949.0,2.67,29.28432,0
1875,6.2,47955.2,3.62,29.28306,0
1876,11.85,47967.05,2.87,29.28174,0
1877,15.65,47982.7,3.79,29.28063,0
1878,8.65,47991.35,2.58,29.28065,0
1879,11.4,48002.75,3.55,29.27926,0
1880,18.15,48020.9,2.66,29.27987,0
1881,18.65,48039.55,2.58,29.28315,0
1882,13.55,48053.1,2.85,29.27995,0
1883,20.75,48073.85,3.44,29.27974,0
1884,19.35,48093.2,2.42,29.27705,0
1885,14.8,48108.0,2.88,29.2765,0
1886,5.2,48113.2,2.14,29.27506,0
1887,9.6,48122.8,2.85,29.27505,0
1888,4.4,48127.2,3.05,29.27504,0
1889,14.4,48141.6,2.47,29.27474,0
1890,15.95,48157.55,2.57,29.27078,0
1891,17.2,48174.75,2.5,29.26706,0
1892,13.05,48187.8,4.19,29.26738,0
1893,17.5,48205.3,2.98,29.26677,0
1894,12.3,48217.6,2.37,29.26645,0
1895,23.6,48241.2,2.18,29.26351,0
1896,12.6,48253.8,2.68,29.26401,0
1897,19.55,48273.35,2.98,29.2632,0
1898,7.15,48280.5,2.39,29.26089,0
1899,6.15,48286.65,2.91,29.25908,0
1900,4.1,48290.75,2.0,29.25774,0
1901,6.3,48297.05,2.38,29.25798,0
1902,27.9,48324.95,3.25,29.25709,0
1903,8.5,48333.45,2.36,29.25477,0
1904,27.8,48361.25,2.66,29.25502,0
1905,19.5,48380.75,2.25,29.25406,0
1906,21.5,48402.25,2.82,29.25077,0
1907,10.95,48413.2,2.9,29.24976,0
1908,20.7,48433.9,2.54,29.2475,0
1909,15.4,48449.3,2.12,29.24352,0
1910,5.35,48454.65,2.36,29.24202,0
1911,10.85,48465.5,2.59,29.24029,0
1912,13.95,48479.45,2.77,29.23868,0
1913,25.35,48504.8,3.15,29.23741,0
1914,11.9,48516.7,2.2,29.23385,0
1915,11.9,48528.6,1.86,29.23199,0
1916,18.85,48547.45,2.57,29.23253,0
1917,16.4,48563.85,3.01,29.23149,0
1918,21.95,48585.8,2.86,29.23074,0
1919,6.75,48592.55,2.24,29.22986,0
1920,15.45,48608.0,3.02,29.23072,0
1921,19.05,48627.05,2.54,29.22938,0
1922,18.8,48645.85,2.53,29.22872,0
1923,18.15,48664.0,1.94,29.22464,0
1924,20.25,48684.25,3.34,29.22283,0
1925,11.95,48696.2,2.39,29.22075,0
1926,9.9,48706.1,2.46,29.22019,0
1927,13.9,48720.0,2.66,29.22079,0
1928,14.6,48734.6,3.38,29.21867,0
1929,20.05,48754.65,2.83,29.21742,0
1930,20.5,48775.15,2.43,29.21472,0
1931,21.1,48796.25,2.55,29.21301,0
1932,32.05,48828.3,2.22,29.21029,0
1933,18.65,48846.95,2.18,29.20794,0
1934,8.35,48855.3,2.47,29.20634,0
1935,11.9,48867.2,2.52,29.20486,0
1936,16.8,48884.0,2.32,29.20209,0
1937,10.85,48894.85,1.86,29.19999,0
1938,12.65,48907.5,2.46,29.19938,0
1939,15.8,48923.3,3.11,29.19725,0
1940,19.1,48942.4,2.36,29.1968,0
1941,16.55,48958.95,2.3,29.19357,0
1942,11.1,48970.05,1.88,29.19219,0
1943,12.9,48982.95,2.65,29.19092,0
1944,8.7,48991.65,3.27,29.19053,0
1945,18.25,49009.9,2.03,29.18712,0
1946,21.95,49031.85,2.39,29.18733,0
1947,12.6,49044.45,2.64,29.18667,0
1948,23.6,49068.05,2.55,29.18389,0
1949,6.15,49074.2,2.23,29.18298,0
1950,31.15,49105.35,3.13,29.17973,0
1951,7.5,49112.85,2.01,29.17839,0
1952,10.65,49123.5,2.6,29.17711,0
1953,11.9,49135.4,2.81,29.17728,0
1954,33.9,49169.3,3.46,29.1778,0
1955,22.5,49191.8,2.82,29.17726,0
1956,23.1,49214.9,2.49,29.17709,0
1957,13.3,49228.2,2.24,29.17665,0
1958,17.3,49245.5,2.78,29.17437,0
1959,15.35,49260.85,3.06,29.17228,0
1960,18.15,49279.0,3.29,29.17105,0
1961,9.45,49288.45,2.33,29.16851,0
1962,10.7,49299.15,2.26,29.1679,0
1963,18.65,49317.8,3.34,29.16665,0
1964,26.35,49344.15,3.47,29.16863,0
1965,12.8,49356.95,3.11,29.16784,0
1966,12.0,49368.95,2.27,29.16656,0
1967,5.65,49374.6,1.68,29.16528,0
1968,16.75,49391.35,3.0,29.16274,0
1969,14.05,49405.4,1.9,29.16121,0
1970,15.95,49421.35,3.47,29.15972,0
1971,9.1,49430.45,2.05,29.15962,0
1972,3.9,49434.35,2.23,29.15905,0
1973,11.3,49445.65,3.06,29.15785,0
1974,11.2,49456.85,2.93,29.15774,0
1975,6.9,49463.75,2.54,29.15569,0
1976,19.4,49483.15,2.57,29.1523,0
1977,22.4,49505.55,2.99,29.15084,0
1978,14.7,49520.25,2.84,29.14868,0
1979,10.75,49531.0,2.25,29.14764,0
1980,10.6,49541.6,1.43,29.14536,0
1981,19.65,49561.25,2.5,29.14075,0
1982,9.4,49570.65,2.3,29.13861,0
1983,23.8,49594.45,2.51,29.13609,0
1984,14.15,49608.6,2.27,29.13303,0
1985,12.95,49621.55,2.55,29.13334,0
1986,9.2,49630.75,3.02,29.13211,0
1987,23.4,49654.15,2.28,29.13054,0
1988,12.1,49666.25,2.57,29.13007,0
1989,8.9,49675.15,2.95,29.12785,0
1990,7.55,49682.7,3.5,29.12771,0
1991,6.45,49689.15,3.57,29.12703,0
1992,14.05,49703.2,2.7,29.12533,0
1993,16.7,49719.9,3.06,29.12444,0
1994,12.9,49732.8,3.59,29.12388,0
1995,17.25,49750.05,3.28,29.12369,0
1996,1.5,49751.55,2.69,29.12218,0
1997,12.05,49763.6,3.32,29.12124,0
1998,6.5,49770.1,2.88,29.12041,0
1999,14.15,49784.25,3.47,29.11984,0
2000,15.55,49799.8,2.65,29.11803,0
2001,9.8,49809.6,3.68,29.11685,0
2002,11.0,49820.6,2.3,29.11484,0
2003,22.15,49842.75,3.46,29.11567,0
2004,18.0,49860.75,2.64,29.11441,0
2005,12.5,49873.25,3.91,29.11399,0
2006,24.25,49897.5,2.96,29.11287,0
2007,20.05,49917.55,3.7,29.11311,0
2008,26.45,49944.0,3.1,29.11271,0
2009,10.95,49954.95,3.14,29.11206,0
2010,19.45,49974.4,4.26,29.1101,0
2011,5.1,49979.5,3.1,29.1091,0
2012,10.95,49990.45,2.79,29.10697,0
2013,17.0,50007.45,3.34,29.10594,0
2014,14.15,50021.6,3.03,29.10554,0
2015,6.0,50027.6,3.73,29.10523,0
2016,25.0,50052.6,3.25,29.1043,0
2017,8.9,50061.5,3.36,29.10317,0
2018,11.95,50073.45,3.84,29.10152,0
2019,14.95,50088.4,2.8,29.10396,0
2020,20.6,50109.0,3.77,29.10472,0
2021,12.9,50121.9,2.27,29.1044,0
2022,15.15,50137.05,2.84,29.10343,0
2023,17.3,50154.35,1.73,28.01584,0
2024,16.85,50171.2,2.71,28.22518,0
2025,17.45,50188.65,2.55,28.36465,0
2026,10.6,50199.25,2.54,28.10399,0
2027,5.7,50204.95,2.35,27.93818,0
2028,14.65,50219.6,4.14,27.77528,0
2029,9.3,50228.9,2.64,27.82076,0
2030,6.0,50234.9,3.16,27.84954,0
2031,15.8,50250.7,1.82,27.88832,0
2032,8.75,50259.45,2.55,27.89872,0
2033,2.95,50262.4,2.24,28.00558,0
2034,16.3,50278.7,3.1,27.96091,0
2035,4.8,50283.5,3.0,27.95896,0
2036,4.7,50288.2,3.45,27.95723,0
2037,12.65,50300.85,3.69,27.91133,0
2038,15.3,50316.15,2.35,27.91492,0
2039,15.0,50331.15,2.24,27.88338,0
2040,3.6,50334.75,2.0,27.88449,0
2041,14.3,50349.05,2.76,27.89918,0
2042,10.05,50359.1,2.87,27.91083,0
2043,17.35,50376.45,3.2,27.88106,0
2044,9.15,50385.6,2.44,27.84964,0
2045,9.0,50394.6,2.24,27.82655,0
2046,9.5,50404.1,2.56,27.80167,0
2047,11.65,50415.75,3.04,27.7827,0
2048,10.5,50426.25,3.24,27.84604,0
2049,6.8,50433.05,2.77,27.85672,0
2050,12.8,50445.85,2.88,27.88187,0
2051,6.65,50452.5,2.9,27.85643,0
2052,5.6,50458.1,2.24,27.8473,0
2053,9.55,50467.65,3.5,27.83238,0
2054,13.65,50481.3,2.67,27.84479,0
2055,9.0,50490.3,2.79,27.82775,0
2056,20.1,50510.4,2.88,27.88589,0
2057,5.95,50516.35,2.69,27.87419,0
2058,14.35,50530.7,2.71,27.82071,0
2059,20.8,50551.5,2.78,27.8444,0
2060,11.7,50563.2,2.55,27.92712,0
2061,13.85,50577.05,3.46,27.90021,0
2062,7.7,50584.75,2.51,27.94804,0
2063,16.4,50601.15,2.89,27.99823,0
2064,17.9,50619.05,2.42,28.06855,0
2065,9.8,50628.85,2.98,28.14576,0
2066,6.5,50635.35,3.03,28.14567,0
2067,19.7,50655.05,2.44,28.19945,0
2068,5.1,50660.15,2.29,28.25985,0
2069,16.1,50676.25,4.17,28.27417,0
2070,11.25,50687.5,2.08,28.26138,0
2071,9.15,50696.65,3.43,28.26173,0
2072,18.65,50715.3,3.67,28.27978,0
2073,18.25,50733.55,2.1,28.33786,0
2074,16.65,50750.2,2.93,28.41819,0
2075,19.95,50770.15,3.44,28.41636,0
2076,12.75,50782.9,3.15,28.39516,0
2077,30.4,50813.3,2.89,28.47111,0
2078,13.75,50827.05,2.53,28.47167,0
2079,4.25,50831.3,2.42,28.49125,0
2080,5.35,50836.65,2.7,28.49465,0
2081,13.25,50849.9,2.74,28.49221,0
2082,16.15,50866.05,2.09,28.46423,0
2083,25.95,50892.0,3.08,28.48722,0
2084,9.6,50901.6,3.18,28.49469,0
2085,15.4,50917.0,3.38,28.47832,0
2086,15.7,50932.7,2.99,28.48795,0
2087,4.15,50936.85,2.6,28.48747,0
2088,2.95,50939.8,2.45,28.5049,0
2089,6.9,50946.7,2.27,28.49492,0
2090,8.35,50955.05,3.3,28.49325,0
2091,11.8,50966.85,2.44,27.36998,0
2092,12.75,50979.6,2.22,26.7102,0
2093,17.0,50996.6,2.99,26.57206,0
2094,4.95,51001.55,2.26,26.43852,0
